附件1：,,,
全国普通高等学校名单,,,
序号,学校名称,所在地,
985院校（39所）,,,
1,北京大学,北京市,
2,清华大学,北京市,
3,中国人民大学,北京市,
4,中央名族大学,北京市,
5,北京航空航天大学,北京市,
6,北京师范大学,北京市,
7,北京理工大学,北京市,
8,中国农业大学,北京市,
9,南京大学,南京市,
10,东南大学,南京市,
11,复旦大学,上海市,
12,上海交通大学,上海市,
13,同济大学,上海市,
14,华东师范大学,上海市,
15,国防科学技术大学,长沙市,
16,中南大学,长沙市,
17,湖南大学,长沙市,
18,武汉大学,武汉市,
19,华中科技大学,武汉市,
20,浙江大学,杭州市,
21,中山大学,广州市,
22,华南理工大学,广州市,
23,天津大学,天津市,
24,南开大学,天津市,
25,西安交通大学,西安市,
26,西北工业大学,西安市,
27,哈尔滨工业大学,哈尔滨市,
28,山东大学,济南市,
29,厦门大学,厦门市,
30,东北大学,沈阳市,
31,重庆大学,重庆市,
32,吉林大学,长春市,
33,中国科学技术大学,合肥市,
34,四川大学,成都市,
35,电子科技大学,成都市,
36,中国海洋大学,青岛市,
37,兰州大学,兰州市,
38,西北农林科技大学,咸阳市,
39,大连理工大学,大连市,
211院校（112所）,,,包括985院校共112所
40,北京科技大学,北京市,
41,北京邮电大学,北京市,
42,北京交通大学,北京市,
43,北京化工大学,北京市,
44,北京工业大学,北京市,
45,北京林业大学,北京市,
46,中国石油大学,北京市,
47,中国矿业大学,北京市,
48,北京中医药大学,北京市,
49,北京外国语大学,北京市,
50,中央传媒大学,北京市,
51,中央财经大学,北京市,
52,北京体育大学,北京市,
53,中央音乐学院,北京市,
54,中国政法大学,北京市,
55,华北电力大学,北京市,
56,对外经济贸易大学,北京市,
57,天津医科大学,天津市,
58,河北工业大学,天津市,
59,太原理工大学,太原市,
60,内蒙古大学,呼和浩特市,
61,辽宁大学,沈阳市,
62,大连海事大学,大连市,
63,延边大学,延吉市,
64,东北师范大学,长春市,
65,哈尔滨工程大学,哈尔滨市,
66,东北农业大学,哈尔滨市,
67,东北林业大学,哈尔滨市,
68,华东理工大学,上海市,
69,华东大学,上海市,
70,上海外国语大学,上海市,
71,上海财经大学,上海市,
72,上海大学,上海市,
73,第二军医大学,上海市,
74,苏州大学,苏州市,
75,南京航空航天大学,南京市,
76,南京理工大学,南京市,
77,中国矿业大学,南京市,
78,河海大学,南京市,
79,江南大学,南京市,
80,南京农业大学,南京市,
81,中国药科大学,南京市,
82,南京师范大学,南京市,
83,安徽大学,合肥市,
84,合肥工业大学,合肥市,
85,福州大学,福州市,
86,南昌大学,南昌市,
87,郑州大学,郑州市,
88,武汉理工大学,武汉市,
89,华中农业大学,武汉市,
90,华中师范大学,武汉市,
91,中南财经政法大学,武汉市,
92,湖南师范大学,长沙市,
93,暨南大学,广州市,
94,华南师范大学,广州市,
95,海南大学,海口市,
96,广西大学,南宁市,
97,西南交通大学,成都市,
98,四川农业大学,成都市,
99,西南财经大学,成都市,
100,西南大学,重庆市,
101,贵州大学,贵阳市,
102,云南大学,昆明市,
103,西藏大学,拉萨市,
104,西北大学,西安市,
105,西安电子科技大学,西安市,
106,长安大学,西安市,
107,陕西师范大学,西安市,
108,第四军医大学,西安市,
109,青海大学,西宁市,
110,宁夏大学,银川市,
111,新疆大学,乌鲁木齐市,
112,石河子大学,维吾尔自治区,
北京市（55所）,,,
1,北京大学,北京市,
2,清华大学,北京市,
3,中国人民大学,北京市,
4,北京交通大学,北京市,
5,北京工业大学,北京市,
6,北京航空航天大学,北京市,
7,北京理工大学,北京市,
8,北京科技大学,北京市,
9,北方工业大学,北京市,
10,北京化工大学,北京市,
11,北京工商大学,北京市,
12,北京服装学院,北京市,
13,北京邮电大学,北京市,
14,北京印刷学院,北京市,
15,北京建筑大学,北京市,
16,北京石油化工学院,北京市,
17,北京电子科技学院,北京市,
18,中国农业大学,北京市,
19,北京农学院,北京市,
20,北京林业大学,北京市,
21,北京协和医学院,北京市,
22,首都医科大学,北京市,
23,北京中医药大学,北京市,
24,北京师范大学,北京市,
25,首都师范大学,北京市,
26,首都体育学院,北京市,
27,北京外国语大学,北京市,
28,北京第二外国语学院,北京市,
29,北京语言大学,北京市,
30,中国传媒大学,北京市,
31,中央财经大学,北京市,
32,对外经济贸易大学,北京市,
33,北京物资学院,北京市,
34,首都经济贸易大学,北京市,
35,外交学院,北京市,
36,中国人民公安大学,北京市,
37,国际关系学院,北京市,
38,北京体育大学,北京市,
39,中央音乐学院,北京市,
40,中国音乐学院,北京市,
41,中央美术学院,北京市,
42,中央戏剧学院,北京市,
43,中国戏曲学院,北京市,
44,北京电影学院,北京市,
45,北京舞蹈学院,北京市,
46,中央民族大学,北京市,
47,中国政法大学,北京市,
48,华北电力大学,北京市,
49,中华女子学院,北京市,
50,北京信息科技大学,北京市,
51,中国矿业大学（北京）,北京市,
52,中国石油大学（北京）,北京市,
53,中国地质大学（北京）,北京市,
54,北京联合大学,北京市,
55,北京城市学院,北京市,
56,中国青年政治学院,北京市,
57,首钢工学院,北京市,
58,中国劳动关系学院,北京市,
59,北京吉利学院,北京市,
60,首都师范大学科德学院,北京市,
61,北京工商大学嘉华学院,北京市,
62,北京邮电大学世纪学院,北京市,
63,北京工业大学耿丹学院,北京市,
64,北京警察学院,北京市,
65,北京第二外国语学院中瑞酒店管理学院,北京市,
66,中国科学院大学,北京市,
67,北京工业职业技术学院,北京市,
68,北京信息职业技术学院,北京市,
69,北京电子科技职业学院,北京市,
70,北京京北职业技术学院,北京市,
71,北京交通职业技术学院,北京市,
72,北京青年政治学院,北京市,
73,北京农业职业学院,北京市,
74,北京政法职业学院,北京市,
75,北京财贸职业学院,北京市,
76,北京北大方正软件职业技术学院,北京市,
77,北京经贸职业学院,北京市,
78,北京经济技术职业学院,北京市,
79,北京戏曲艺术职业学院,北京市,
80,北京汇佳职业学院,北京市,
81,北京科技经营管理学院,北京市,
82,北京科技职业学院,北京市,
83,北京培黎职业学院,北京市,
84,北京经济管理职业学院,北京市,
85,北京劳动保障职业学院,北京市,
86,北京社会管理职业学院,北京市,
87,北京艺术传媒职业学院,北京市,
88,北京体育职业学院,北京市,
89,北京交通运输职业学院,北京市,
90,北京卫生职业学院,北京市,
91,北京网络职业学院,北京市,
天津市（55所）,,,
92,南开大学,天津市,
93,天津大学,天津市,
94,天津科技大学,天津市,
95,天津工业大学,天津市,
96,中国民航大学,天津市,
97,天津理工大学,天津市,
98,天津农学院,天津市,
99,天津医科大学,天津市,
100,天津中医药大学,天津市,
101,天津师范大学,天津市,
102,天津职业技术师范大学,天津市,
103,天津外国语大学,天津市,
104,天津商业大学,天津市,
105,天津财经大学,天津市,
106,天津体育学院,天津市,
107,天津音乐学院,天津市,
108,天津美术学院,天津市,
109,天津城建大学,天津市,
110,天津天狮学院,天津市,
111,天津中德应用技术大学,天津市,
112,天津外国语大学滨海外事学院,天津市,
113,天津体育学院运动与文化艺术学院,天津市,
114,天津商业大学宝德学院,天津市,
115,天津医科大学临床医学院,天津市,
116,南开大学滨海学院,天津市,
117,天津师范大学津沽学院,天津市,
118,天津理工大学中环信息学院,天津市,
119,北京科技大学天津学院,天津市,
120,天津大学仁爱学院,天津市,
121,天津财经大学珠江学院,天津市,
122,天津市职业大学,天津市,
123,天津滨海职业学院,天津市,
124,天津工程职业技术学院,天津市,
125,天津青年职业学院,天津市,
126,天津渤海职业技术学院,天津市,
127,天津电子信息职业技术学院,天津市,
128,天津机电职业技术学院,天津市,
129,天津现代职业技术学院,天津市,
130,天津公安警官职业学院,天津市,
131,天津轻工职业技术学院,天津市,
132,天津商务职业学院,天津市,
133,天津国土资源和房屋职业学院,天津市,
134,天津医学高等专科学校,天津市,
135,天津开发区职业技术学院,天津市,
136,天津艺术职业学院,天津市,
137,天津交通职业学院,天津市,
138,天津冶金职业技术学院,天津市,
139,天津石油职业技术学院,天津市,
140,天津城市职业学院,天津市,
141,天津铁道职业技术学院,天津市,
142,天津工艺美术职业学院,天津市,
143,天津城市建设管理职业技术学院,天津市,
144,天津生物工程职业技术学院,天津市,
145,天津海运职业学院,天津市,
146,天津广播影视职业学院,天津市,
河北省（120所）,,,
147,河北大学,保定市,
148,河北工程大学,邯郸市,
149,河北地质大学,石家庄市,
150,河北工业大学,天津市,
151,华北理工大学,唐山市,
152,河北科技大学,石家庄市,
153,河北建筑工程学院,张家口市,
154,河北水利电力学院,沧州市,
155,河北农业大学,保定市,
156,河北医科大学,石家庄市,
157,河北北方学院,张家口市,
158,承德医学院,承德市,
159,河北师范大学,石家庄市,
160,保定学院,保定市,
161,河北民族师范学院,承德市,
162,唐山师范学院,唐山市,
163,廊坊师范学院,廊坊市,
164,衡水学院,衡水市,
165,石家庄学院,石家庄市,
166,邯郸学院,邯郸市,
167,邢台学院,邢台市,
168,沧州师范学院,沧州市,
169,石家庄铁道大学,石家庄市,
170,燕山大学,秦皇岛市,
171,河北科技师范学院,秦皇岛市,
172,唐山学院,唐山市,
173,华北科技学院,廊坊市,
174,中国人民武装警察部队学院,廊坊市,
175,河北体育学院,石家庄市,
176,河北金融学院,保定市,
177,北华航天工业学院,廊坊市,
178,防灾科技学院,廊坊市,
179,河北经贸大学,石家庄市,
180,中央司法警官学院,保定市,
181,河北传媒学院,石家庄市,
182,河北工程技术学院,石家庄市,
183,河北美术学院,石家庄市,
184,河北科技学院,保定市,
185,河北外国语学院,石家庄市,
186,河北大学工商学院,保定市,
187,华北理工大学轻工学院,唐山市,
188,河北科技大学理工学院,石家庄市,
189,河北师范大学汇华学院,石家庄市,
190,河北经贸大学经济管理学院,石家庄市,
191,河北医科大学临床学院,石家庄市,
192,华北电力大学科技学院,保定市,
193,河北工程大学科信学院,邯郸市,
194,河北工业大学城市学院,廊坊市,
195,燕山大学里仁学院,秦皇岛市,
196,石家庄铁道大学四方学院,石家庄市,
197,河北地质大学华信学院,石家庄市,
198,河北农业大学现代科技学院,保定市,
199,华北理工大学冀唐学院,唐山市,
200,中国地质大学长城学院,保定市,
201,燕京理工学院,廊坊市,
202,北京中医药大学东方学院,廊坊市,
203,北京交通大学海滨学院,沧州市,
204,河北东方学院,廊坊市,
205,河北中医学院,石家庄市,
206,张家口学院,张家口市,
207,河北环境工程学院,秦皇岛市,
208,河北工业职业技术学院,石家庄市,
209,邯郸职业技术学院,邯郸市,
210,石家庄职业技术学院,石家庄市,
211,张家口职业技术学院,张家口市,
212,承德石油高等专科学校,承德市,
213,邢台职业技术学院,邢台市,
214,河北软件职业技术学院,保定市,
215,河北石油职业技术学院,廊坊市,
216,河北建材职业技术学院,秦皇岛市,
217,河北政法职业学院,石家庄市,
218,沧州职业技术学院,沧州市,
219,河北能源职业技术学院,唐山市,
220,石家庄铁路职业技术学院,石家庄市,
221,保定职业技术学院,保定市,
222,秦皇岛职业技术学院,秦皇岛市,
223,石家庄工程职业学院,石家庄市,
224,石家庄城市经济职业学院,石家庄市,
225,唐山职业技术学院,唐山市,
226,衡水职业技术学院,衡水市,
227,唐山工业职业技术学院,唐山市,
228,邢台医学高等专科学校,邢台市,
229,河北省艺术职业学院,石家庄市,
230,河北旅游职业学院,承德市,
231,石家庄财经职业学院,石家庄市,
232,河北交通职业技术学院,石家庄市,
233,河北化工医药职业技术学院,石家庄市,
234,石家庄信息工程职业学院,石家庄市,
235,河北对外经贸职业学院,秦皇岛市,
236,保定电力职业技术学院,保定市,
237,河北机电职业技术学院,邢台市,
238,渤海石油职业学院,沧州市,
239,廊坊职业技术学院,廊坊市,
240,唐山科技职业技术学院,唐山市,
241,石家庄邮电职业技术学院,石家庄市,
242,河北公安警察职业学院,石家庄市,
243,石家庄工商职业学院,石家庄市,
244,石家庄理工职业学院,石家庄市,
245,石家庄科技信息职业学院,石家庄市,
246,河北司法警官职业学院,邯郸市,
247,沧州医学高等专科学校,沧州市,
248,河北女子职业技术学院,石家庄市,
249,石家庄医学高等专科学校,石家庄市,
250,石家庄经济职业学院,石家庄市,
251,冀中职业学院,保定市,
252,石家庄人民医学高等专科学校,石家庄市,
253,石家庄科技工程职业学院,石家庄市,
254,河北劳动关系职业学院,石家庄市,
255,石家庄科技职业学院,石家庄市,
256,泊头职业学院,沧州市,
257,宣化科技职业学院,张家口市,
258,廊坊燕京职业技术学院,廊坊市,
259,承德护理职业学院,承德市,
260,石家庄幼儿师范高等专科学校,石家庄市,
261,廊坊卫生职业学院,廊坊市,
262,河北轨道运输职业技术学院,石家庄市,
263,保定幼儿师范高等专科学校,保定市,
264,河北工艺美术职业学院,保定市,
265,渤海理工职业学院,沧州市,
266,唐山幼儿师范高等专科学校,唐山市,
山西省（80所）,,,
267,山西大学,太原市,
268,太原科技大学,太原市,
269,中北大学,太原市,
270,太原理工大学,太原市,
271,山西农业大学,晋中市,
272,山西医科大学,太原市,
273,长治医学院,长治市,
274,山西师范大学,临汾市,
275,太原师范学院,太原市,
276,山西大同大学,大同市,
277,晋中学院,晋中市,
278,长治学院,长治市,
279,运城学院,运城市,
280,忻州师范学院,忻州市,
281,山西财经大学,太原市,
282,山西中医学院,太原市,
283,吕梁学院,吕梁市,
284,太原学院,太原市,
285,山西警察学院,太原市,
286,山西应用科技学院,太原市,
287,山西大学商务学院,太原市,
288,太原理工大学现代科技学院,太原市,
289,山西农业大学信息学院,晋中市,
290,山西师范大学现代文理学院,临汾市,
291,中北大学信息商务学院,太原市,
292,太原科技大学华科学院,太原市,
293,山西医科大学晋祠学院,太原市,
294,山西财经大学华商学院,太原市,
295,山西工商学院,太原市,
296,太原工业学院,太原市,
297,山西传媒学院,太原市,
298,山西工程技术学院,阳泉市,
299,山西能源学院,晋中市,
300,山西省财政税务专科学校,太原市,
301,长治职业技术学院,长治市,
302,山西艺术职业学院,太原市,
303,晋城职业技术学院,晋城市,
304,山西建筑职业技术学院,太原市,
305,山西药科职业学院,太原市,
306,山西工程职业技术学院,太原市,
307,山西交通职业技术学院,太原市,
308,大同煤炭职业技术学院,大同市,
309,山西机电职业技术学院,长治市,
310,山西戏剧职业学院,太原市,
311,山西财贸职业技术学院,太原市,
312,山西林业职业技术学院,太原市,
313,山西水利职业技术学院,运城市,
314,阳泉职业技术学院,阳泉市,
315,临汾职业技术学院,临汾市,
316,山西职业技术学院,太原市,
317,山西煤炭职业技术学院,太原市,
318,山西金融职业学院,太原市,
319,太原城市职业技术学院,太原市,
320,山西信息职业技术学院,临汾市,
321,山西体育职业学院,太原市,
322,山西警官职业学院,太原市,
323,山西国际商务职业学院,太原市,
324,潞安职业技术学院,长治市,
325,太原旅游职业学院,太原市,
326,山西旅游职业学院,太原市,
327,山西管理职业学院,临汾市,
328,山西电力职业技术学院,太原市,
329,忻州职业技术学院,忻州市,
330,山西同文职业技术学院,晋中市,
331,晋中职业技术学院,晋中市,
332,山西华澳商贸职业学院,晋中市,
333,山西运城农业职业技术学院,运城市,
334,运城幼儿师范高等专科学校,运城市,
335,山西老区职业技术学院,太原市,
336,山西经贸职业学院,太原市,
337,朔州职业技术学院,朔州市,
338,运城职业技术学院,运城市,
339,山西轻工职业技术学院,太原市,
340,晋中师范高等专科学校,晋中市,
341,阳泉师范高等专科学校,阳泉市,
342,山西青年职业学院,太原市,
343,运城护理职业学院,运城市,
344,运城师范高等专科学校,运城市,
345,朔州师范高等专科学校,朔州市,
346,吕梁职业技术学院,吕梁市,
内蒙古自治区（53所）,,,
347,内蒙古大学,呼和浩特市,
348,内蒙古科技大学,包头市,
349,内蒙古工业大学,呼和浩特市,
350,内蒙古农业大学,呼和浩特市,
351,内蒙古医科大学,呼和浩特市,
352,内蒙古师范大学,呼和浩特市,
353,内蒙古民族大学,通辽市,
354,赤峰学院,赤峰市,
355,内蒙古财经大学,呼和浩特市,
356,呼伦贝尔学院,呼伦贝尔市,
357,集宁师范学院,乌兰察布市,
358,河套学院,巴彦淖尔市,
359,呼和浩特民族学院,呼和浩特市,
360,内蒙古大学创业学院,呼和浩特市,
361,内蒙古师范大学鸿德学院,呼和浩特市,
362,内蒙古艺术学院,呼和浩特市,
363,鄂尔多斯应用技术学院,鄂尔多斯市,
364,内蒙古建筑职业技术学院,呼和浩特市,
365,内蒙古丰州职业学院,呼和浩特市,
366,包头职业技术学院,包头市,
367,兴安职业技术学院,兴安盟,
368,呼和浩特职业学院,呼和浩特市,
369,包头轻工职业技术学院,包头市,
370,内蒙古电子信息职业技术学院,呼和浩特市,
371,内蒙古机电职业技术学院,呼和浩特市,
372,内蒙古化工职业学院,呼和浩特市,
373,内蒙古商贸职业学院,呼和浩特市,
374,锡林郭勒职业学院,锡林郭勒盟,
375,内蒙古警察职业学院,呼和浩特市,
376,内蒙古体育职业学院,呼和浩特市,
377,乌兰察布职业学院,乌兰察布市,
378,通辽职业学院,通辽市,
379,科尔沁艺术职业学院,通辽市,
380,内蒙古交通职业技术学院,赤峰市,
381,包头钢铁职业技术学院,包头市,
382,乌海职业技术学院,乌海市,
383,内蒙古科技职业学院,呼和浩特市,
384,内蒙古北方职业技术学院,呼和浩特市,
385,赤峰职业技术学院,赤峰市,
386,内蒙古经贸外语职业学院,呼和浩特市,
387,包头铁道职业技术学院,包头市,
388,乌兰察布医学高等专科学校,乌兰察布市,
389,鄂尔多斯职业学院,鄂尔多斯市,
390,内蒙古工业职业学院,呼和浩特市,
391,呼伦贝尔职业技术学院,呼伦贝尔市,
392,满洲里俄语职业学院,呼伦贝尔市,
393,内蒙古能源职业学院,呼和浩特市,
394,赤峰工业职业技术学院,赤峰市,
395,阿拉善职业技术学院,阿拉善盟,
396,内蒙古美术职业学院,巴彦淖尔市,
397,内蒙古民族幼儿师范高等专科学校,鄂尔多斯市,
398,鄂尔多斯生态环境职业学院,鄂尔多斯市,
399,扎兰屯职业学院,呼伦贝尔市,
辽宁省（116所）,,,
400,辽宁大学,沈阳市,
401,大连理工大学,大连市,
402,沈阳工业大学,沈阳市,
403,沈阳航空航天大学,沈阳市,
404,沈阳理工大学,沈阳市,
405,东北大学,沈阳市,
406,辽宁科技大学,鞍山市,
407,辽宁工程技术大学,阜新市,
408,辽宁石油化工大学,抚顺市,
409,沈阳化工大学,沈阳市,
410,大连交通大学,大连市,
411,大连海事大学,大连市,
412,大连工业大学,大连市,
413,沈阳建筑大学,沈阳市,
414,辽宁工业大学,锦州市,
415,沈阳农业大学,沈阳市,
416,大连海洋大学,大连市,
417,中国医科大学,沈阳市,
418,锦州医科大学,锦州市,
419,大连医科大学,大连市,
420,辽宁中医药大学,沈阳市,
421,沈阳药科大学,沈阳市,
422,沈阳医学院,沈阳市,
423,辽宁师范大学,大连市,
424,沈阳师范大学,沈阳市,
425,渤海大学,锦州市,
426,鞍山师范学院,鞍山市,
427,大连外国语大学,大连市,
428,东北财经大学,大连市,
429,中国刑事警察学院,沈阳市,
430,沈阳体育学院,沈阳市,
431,沈阳音乐学院,沈阳市,
432,鲁迅美术学院,沈阳市,
433,辽宁对外经贸学院,大连市,
434,沈阳大学,沈阳市,
435,大连大学,大连市,
436,辽宁科技学院,本溪市,
437,辽宁警察学院,大连市,
438,沈阳工程学院,沈阳市,
439,辽东学院,丹东市,
440,大连民族大学,大连市,
441,大连理工大学城市学院,大连市,
442,沈阳工业大学工程学院,辽阳市,
443,沈阳航空航天大学北方科技学院,沈阳市,
444,沈阳工学院,沈阳市,
445,大连工业大学艺术与信息工程学院,大连市,
446,大连科技学院,大连市,
447,沈阳城市建设学院,沈阳市,
448,中国医科大学临床医药学院,沈阳市,
449,大连医科大学中山学院,大连市,
450,锦州医科大学医疗学院,锦州市,
451,辽宁师范大学海华学院,沈阳市,
452,辽宁理工学院,锦州市,
453,大连财经学院,大连市,
454,沈阳城市学院,沈阳市,
455,辽宁科技大学信息技术学院,鞍山市,
456,辽宁石油化工大学顺华能源学院,抚顺市,
457,大连艺术学院,大连市,
458,辽宁中医药大学杏林学院,沈阳市,
459,辽宁何氏医学院,沈阳市,
460,沈阳科技学院,沈阳市,
461,大连东软信息学院,大连市,
462,辽宁财贸学院,葫芦岛市,
463,辽宁传媒学院,沈阳市,
464,营口理工学院,营口市,
465,朝阳师范高等专科学校,朝阳市,
466,抚顺师范高等专科学校,抚顺市,
467,锦州师范高等专科学校,锦州市,
468,营口职业技术学院,营口市,
469,铁岭师范高等专科学校,铁岭市,
470,大连职业技术学院,大连市,
471,辽宁农业职业技术学院,营口市,
472,抚顺职业技术学院,抚顺市,
473,辽阳职业技术学院,辽阳市,
474,阜新高等专科学校,阜新市,
475,辽宁省交通高等专科学校,沈阳市,
476,辽宁税务高等专科学校,大连市,
477,盘锦职业技术学院,盘锦市,
478,沈阳航空职业技术学院,沈阳市,
479,辽宁体育运动职业技术学院,沈阳市,
480,辽宁职业学院,铁岭市,
481,辽宁林业职业技术学院,沈阳市,
482,沈阳职业技术学院,沈阳市,
483,辽宁理工职业学院,锦州市,
484,大连商务职业学院,大连市,
485,辽宁金融职业学院,沈阳市,
486,辽宁轨道交通职业学院,沈阳市,
487,辽宁广告职业学院,沈阳市,
488,辽宁机电职业技术学院,丹东市,
489,辽宁经济职业技术学院,沈阳市,
490,辽宁石化职业技术学院,锦州市,
491,渤海船舶职业学院,葫芦岛市,
492,大连软件职业学院,大连市,
493,大连翻译职业学院,大连市,
494,辽宁商贸职业学院,沈阳市,
495,大连枫叶职业技术学院,大连市,
496,辽宁装备制造职业技术学院,沈阳市,
497,辽河石油职业技术学院,盘锦市,
498,辽宁地质工程职业学院,丹东市,
499,辽宁铁道职业技术学院,锦州市,
500,辽宁建筑职业学院,辽阳市,
501,大连航运职业技术学院,大连市,
502,大连装备制造职业技术学院,大连市,
503,大连汽车职业技术学院,大连市,
504,辽宁现代服务职业技术学院,沈阳市,
505,辽宁冶金职业技术学院,本溪市,
506,辽宁工程职业学院,铁岭市,
507,辽宁城市建设职业技术学院,沈阳市,
508,辽宁医药职业学院,沈阳市,
509,铁岭卫生职业学院,铁岭市,
510,沈阳北软信息职业技术学院,沈阳市,
511,辽宁政法职业学院,沈阳市,
512,辽宁民族师范高等专科学校,沈阳市,
513,辽宁轻工职业学院,大连市,
514,辽宁水利职业学院,沈阳市,
515,辽宁特殊教育师范高等专科学校,沈阳市,
吉林省（60所）,,,
516,吉林大学,长春市,
517,延边大学,延边朝鲜族自治州,
518,长春理工大学,长春市,
519,东北电力大学,吉林市,
520,长春工业大学,长春市,
521,吉林建筑大学,长春市,
522,吉林化工学院,吉林市,
523,吉林农业大学,长春市,
524,长春中医药大学,长春市,
525,东北师范大学,长春市,
526,北华大学,吉林市,
527,通化师范学院,通化市,
528,吉林师范大学,四平市,
529,吉林工程技术师范学院,长春市,
530,长春师范大学,长春市,
531,白城师范学院,白城市,
532,吉林财经大学,长春市,
533,吉林体育学院,长春市,
534,吉林艺术学院,长春市,
535,吉林华桥外国语学院,长春市,
536,吉林工商学院,长春市,
537,长春工程学院,长春市,
538,吉林农业科技学院,吉林市,
539,吉林警察学院,长春市,
540,长春大学,长春市,
541,长春光华学院,长春市,
542,长春工业大学人文信息学院,长春市,
543,长春理工大学光电信息学院,长春市,
544,长春财经学院,长春市,
545,吉林建筑大学城建学院,长春市,
546,长春建筑学院,长春市,
547,长春科技学院,长春市,
548,吉林动画学院,长春市,
549,吉林师范大学博达学院,四平市,
550,长春大学旅游学院,长春市,
551,东北师范大学人文学院,长春市,
552,吉林医药学院,吉林市,
553,长春师范高等专科学校,长春市,
554,辽源职业技术学院,辽源市,
555,四平职业大学,四平市,
556,长春汽车工业高等专科学校,长春市,
557,长春金融高等专科学校,长春市,
558,长春医学高等专科学校,长春市,
559,吉林交通职业技术学院,长春市,
560,长春东方职业学院,长春市,
561,吉林司法警官职业学院,长春市,
562,吉林电子信息职业技术学院,吉林市,
563,吉林工业职业技术学院,吉林市,
564,吉林工程职业学院,四平市,
565,长春职业技术学院,长春市,
566,白城医学高等专科学校,白城市,
567,长春信息技术职业学院,长春市,
568,松原职业技术学院,松原市,
569,吉林铁道职业技术学院,吉林市,
570,白城职业技术学院,白城市,
571,长白山职业技术学院,白山市,
572,吉林科技职业技术学院,长春市,
573,延边职业技术学院,延边朝鲜族自治州,
574,吉林城市职业技术学院,长春市,
575,吉林职业技术学院,延边朝鲜族自治州,
黑龙江省（82所）,,,
576,黑龙江大学,哈尔滨市,
577,哈尔滨工业大学,哈尔滨市,
578,哈尔滨理工大学,哈尔滨市,
579,哈尔滨工程大学,哈尔滨市,
580,黑龙江科技大学,哈尔滨市,
581,东北石油大学,大庆市,
582,佳木斯大学,佳木斯市,
583,黑龙江八一农垦大学,大庆市,
584,东北农业大学,哈尔滨市,
585,东北林业大学,哈尔滨市,
586,哈尔滨医科大学,哈尔滨市,
587,黑龙江中医药大学,哈尔滨市,
588,牡丹江医学院,牡丹江市,
589,哈尔滨师范大学,哈尔滨市,
590,齐齐哈尔大学,齐齐哈尔市,
591,牡丹江师范学院,牡丹江市,
592,哈尔滨学院,哈尔滨市,
593,大庆师范学院,大庆市,
594,绥化学院,绥化市,
595,哈尔滨商业大学,哈尔滨市,
596,哈尔滨体育学院,哈尔滨市,
597,哈尔滨金融学院,哈尔滨市,
598,齐齐哈尔医学院,齐齐哈尔市,
599,黑龙江工业学院,鸡西市,
600,黑龙江东方学院,哈尔滨市,
601,哈尔滨信息工程学院,哈尔滨市,
602,黑龙江工程学院,哈尔滨市,
603,齐齐哈尔工程学院,齐齐哈尔市,
604,黑龙江外国语学院,哈尔滨市,
605,黑龙江财经学院,哈尔滨市,
606,哈尔滨石油学院,哈尔滨市,
607,黑龙江工商学院,哈尔滨市,
608,哈尔滨远东理工学院,哈尔滨市,
609,哈尔滨剑桥学院,哈尔滨市,
610,黑龙江工程学院昆仑旅游学院,哈尔滨市,
611,哈尔滨广厦学院,哈尔滨市,
612,哈尔滨华德学院,哈尔滨市,
613,黑河学院,黑河市,
614,哈尔滨音乐学院,哈尔滨市,
615,齐齐哈尔高等师范专科学校,齐齐哈尔市,
616,伊春职业学院,伊春市,
617,牡丹江大学,牡丹江市,
618,黑龙江职业学院,哈尔滨市,
619,黑龙江建筑职业技术学院,哈尔滨市,
620,黑龙江艺术职业学院,哈尔滨市,
621,大庆职业学院,大庆市,
622,黑龙江林业职业技术学院,牡丹江市,
623,黑龙江农业职业技术学院,佳木斯市,
624,黑龙江农业工程职业学院,哈尔滨市,
625,黑龙江农垦职业学院,哈尔滨市,
626,黑龙江司法警官职业学院,哈尔滨市,
627,鹤岗师范高等专科学校,鹤岗市,
628,哈尔滨电力职业技术学院,哈尔滨市,
629,哈尔滨铁道职业技术学院,哈尔滨市,
630,大兴安岭职业学院,大兴安岭地区,
631,黑龙江农业经济职业学院,牡丹江市,
632,哈尔滨职业技术学院,哈尔滨市,
633,哈尔滨传媒职业学院,哈尔滨市,
634,黑龙江生物科技职业学院,哈尔滨市,
635,黑龙江商业职业学院,牡丹江市,
636,黑龙江公安警官职业学院,哈尔滨市,
637,黑龙江信息技术职业学院,哈尔滨市,
638,哈尔滨江南职业技术学院,哈尔滨市,
639,黑龙江农垦科技职业学院,哈尔滨市,
640,黑龙江旅游职业技术学院,哈尔滨市,
641,黑龙江三江美术职业学院,佳木斯市,
642,黑龙江生态工程职业学院,哈尔滨市,
643,黑龙江煤炭职业技术学院,双鸭山市,
644,七台河职业学院,七台河市,
645,黑龙江民族职业学院,哈尔滨市,
646,大庆医学高等专科学校,大庆市,
647,黑龙江交通职业技术学院,齐齐哈尔市,
648,哈尔滨应用职业技术学院,哈尔滨市,
649,黑龙江幼儿师范高等专科学校,牡丹江市,
650,哈尔滨科学技术职业学院,哈尔滨市,
651,黑龙江粮食职业学院,哈尔滨市,
652,佳木斯职业学院,佳木斯市,
653,黑龙江护理高等专科学校,哈尔滨市,
654,哈尔滨工程技术职业学院,哈尔滨市,
655,齐齐哈尔理工职业学院,齐齐哈尔市,
656,哈尔滨幼儿师范高等专科学校,哈尔滨市,
657,黑龙江冰雪体育职业学院,哈尔滨市,
上海市（64所）,,,
658,复旦大学,上海市,
659,同济大学,上海市,
660,上海交通大学,上海市,
661,华东理工大学,上海市,
662,上海理工大学,上海市,
663,上海海事大学,上海市,
664,东华大学,上海市,
665,上海电力学院,上海市,
666,上海应用技术大学,上海市,
667,上海健康医学院,上海市,
668,上海海洋大学,上海市,
669,上海中医药大学,上海市,
670,华东师范大学,上海市,
671,上海师范大学,上海市,
672,上海外国语大学,上海市,
673,上海财经大学,上海市,
674,上海对外经贸大学,上海市,
675,上海海关学院,上海市,
676,华东政法大学,上海市,
677,上海体育学院,上海市,
678,上海音乐学院,上海市,
679,上海戏剧学院,上海市,
680,上海大学,上海市,
681,上海公安学院,上海市,
682,上海工程技术大学,上海市,
683,上海立信会计金融学院,上海市,
684,上海电机学院,上海市,
685,上海杉达学院,上海市,
686,上海政法学院,上海市,
687,上海第二工业大学,上海市,
688,上海商学院,上海市,
689,上海建桥学院,上海市,
690,上海兴伟学院,上海市,
691,上海视觉艺术学院,上海市,
692,上海外国语大学贤达经济人文学院,上海市,
693,上海师范大学天华学院,上海市,
694,上海科技大学,上海市,
695,上海纽约大学,上海市,
696,上海旅游高等专科学校,上海市,
697,上海东海职业技术学院,上海市,
698,上海工商职业技术学院,上海市,
699,上海出版印刷高等专科学校,上海市,
700,上海行健职业学院,上海市,
701,上海城建职业学院,上海市,
702,上海交通职业技术学院,上海市,
703,上海海事职业技术学院,上海市,
704,上海电子信息职业技术学院,上海市,
705,上海震旦职业学院,上海市,
706,上海民远职业技术学院,上海市,
707,上海欧华职业技术学院,上海市,
708,上海思博职业技术学院,上海市,
709,上海立达职业技术学院,上海市,
710,上海工艺美术职业学院,上海市,
711,上海济光职业技术学院,上海市,
712,上海工商外国语职业学院,上海市,
713,上海科学技术职业学院,上海市,
714,上海农林职业技术学院,上海市,
715,上海邦德职业技术学院,上海市,
716,上海中侨职业技术学院,上海市,
717,上海电影艺术职业学院,上海市,
718,上海中华职业技术学院,上海市,
719,上海工会管理职业学院,上海市,
720,上海体育职业学院,上海市,
721,上海民航职业技术学院,上海市,
江苏省（166所）,,,
722,南京大学,南京市,
723,苏州大学,苏州市,
724,东南大学,南京市,
725,南京航空航天大学,南京市,
726,南京理工大学,南京市,
727,江苏科技大学,镇江市,
728,中国矿业大学,徐州市,
729,南京工业大学,南京市,
730,常州大学,常州市,
731,南京邮电大学,南京市,
732,河海大学,南京市,
733,江南大学,无锡市,
734,南京林业大学,南京市,
735,江苏大学,镇江市,
736,南京信息工程大学,南京市,
737,南通大学,南通市,
738,盐城工学院,盐城市,
739,南京农业大学,南京市,
740,南京医科大学,南京市,
741,徐州医科大学,徐州市,
742,南京中医药大学,南京市,
743,中国药科大学,南京市,
744,南京师范大学,南京市,
745,江苏师范大学,徐州市,
746,淮阴师范学院,淮安市,
747,盐城师范学院,盐城市,
748,南京财经大学,南京市,
749,江苏警官学院,南京市,
750,南京体育学院,南京市,
751,南京艺术学院,南京市,
752,苏州科技大学,苏州市,
753,常熟理工学院,苏州市,
754,淮阴工学院,淮安市,
755,常州工学院,常州市,
756,扬州大学,扬州市,
757,三江学院,南京市,
758,南京工程学院,南京市,
759,南京审计大学,南京市,
760,南京晓庄学院,南京市,
761,江苏理工学院,常州市,
762,淮海工学院,连云港市,
763,徐州工程学院,徐州市,
764,南京特殊教育师范学院,南京市,
765,南通理工学院,南通市,
766,南京森林警察学院,南京市,
767,东南大学成贤学院,南京市,
768,泰州学院,泰州市,
769,无锡太湖学院,无锡市,
770,金陵科技学院,南京市,
771,中国矿业大学徐海学院,徐州市,
772,南京大学金陵学院,南京市,
773,南京理工大学紫金学院,南京市,
774,南京航空航天大学金城学院,南京市,
775,中国传媒大学南广学院,南京市,
776,南京理工大学泰州科技学院,泰州市,
777,南京师范大学泰州学院,泰州市,
778,南京工业大学浦江学院,南京市,
779,南京师范大学中北学院,南京市,
780,南京医科大学康达学院,连云港市,
781,南京中医药大学翰林学院,泰州市,
782,南京信息工程大学滨江学院,南京市,
783,苏州大学文正学院,苏州市,
784,苏州大学应用技术学院,苏州市,
785,苏州科技大学天平学院,苏州市,
786,江苏大学京江学院,镇江市,
787,扬州大学广陵学院,扬州市,
788,江苏师范大学科文学院,徐州市,
789,南京邮电大学通达学院,扬州市,
790,南京财经大学红山学院,镇江市,
791,江苏科技大学苏州理工学院,张家港市,
792,常州大学怀德学院,泰州市,
793,南通大学杏林学院,南通市,
794,南京审计大学金审学院,南京市,
795,宿迁学院,宿迁市,
796,江苏第二师范学院,南京市,
797,西交利物浦大学,苏州市,
798,昆山杜克大学,苏州市,
799,盐城幼儿师范高等专科学校,盐城市,
800,苏州幼儿师范高等专科学校,苏州市,
801,民办明达职业技术学院,盐城市,
802,无锡职业技术学院,无锡市,
803,江苏建筑职业技术学院,徐州市,
804,南京工业职业技术学院,南京市,
805,江苏工程职业技术学院,南通市,
806,苏州工艺美术职业技术学院,苏州市,
807,连云港职业技术学院,连云港市,
808,镇江市高等专科学校,镇江市,
809,南通职业大学,南通市,
810,苏州职业大学,苏州市,
811,沙洲职业工学院,苏州市,
812,扬州市职业大学,扬州市,
813,连云港师范高等专科学校,连云港市,
814,江苏经贸职业技术学院,南京市,
815,九州职业技术学院,徐州市,
816,硅湖职业技术学院,苏州市,
817,泰州职业技术学院,泰州市,
818,常州信息职业技术学院,常州市,
819,江苏联合职业技术学院,南京市,
820,江苏海事职业技术学院,南京市,
821,应天职业技术学院,南京市,
822,无锡科技职业学院,无锡市,
823,盐城卫生职业技术学院,盐城市,
824,扬州环境资源职业技术学院,扬州市,
825,南通科技职业学院,南通市,
826,苏州经贸职业技术学院,苏州市,
827,苏州工业职业技术学院,苏州市,
828,苏州托普信息职业技术学院,苏州市,
829,苏州卫生职业技术学院,苏州市,
830,无锡商业职业技术学院,无锡市,
831,南通航运职业技术学院,南通市,
832,南京交通职业技术学院,南京市,
833,淮安信息职业技术学院,淮安市,
834,江苏农牧科技职业学院,泰州市,
835,常州纺织服装职业技术学院,常州市,
836,苏州农业职业技术学院,苏州市,
837,苏州工业园区职业技术学院,苏州市,
838,太湖创意职业技术学院,无锡市,
839,炎黄职业技术学院,淮安市,
840,南京科技职业学院,南京市,
841,正德职业技术学院,南京市,
842,钟山职业技术学院,南京市,
843,无锡南洋职业技术学院,无锡市,
844,江南影视艺术职业学院,无锡市,
845,金肯职业技术学院,南京市,
846,常州轻工职业技术学院,常州市,
847,常州工程职业技术学院,常州市,
848,江苏农林职业技术学院,镇江市,
849,江苏食品药品职业技术学院,淮安市,
850,建东职业技术学院,常州市,
851,南京铁道职业技术学院,南京市,
852,徐州工业职业技术学院,徐州市,
853,江苏信息职业技术学院,无锡市,
854,宿迁职业技术学院,宿迁市,
855,南京信息职业技术学院,南京市,
856,江海职业技术学院,扬州市,
857,常州机电职业技术学院,常州市,
858,江阴职业技术学院,无锡市,
859,无锡城市职业技术学院,无锡市,
860,无锡工艺职业技术学院,无锡市,
861,金山职业技术学院,镇江市,
862,苏州健雄职业技术学院,苏州市,
863,盐城工业职业技术学院,盐城市,
864,江苏财经职业技术学院,淮安市,
865,扬州工业职业技术学院,扬州市,
866,苏州港大思培科技职业学院,苏州市,
867,昆山登云科技职业学院,苏州市,
868,南京视觉艺术职业学院,南京市,
869,江苏城市职业学院,南京市,
870,南京城市职业学院,南京市,
871,南京机电职业技术学院,南京市,
872,苏州高博软件技术职业学院,苏州市,
873,南京旅游职业学院,南京市,
874,江苏建康职业学院,南京市,
875,苏州信息职业技术学院,苏州市,
876,宿迁泽达职业技术学院,宿迁市,
877,苏州工业园区服务外包职业学院,苏州市,
878,徐州幼儿师范高等专科学校,徐州市,
879,徐州生物工程职业技术学院,徐州市,
880,江苏商贸职业学院,南通市,
881,南通师范高等专科学校,南通市,
882,扬州中瑞酒店职业学院,扬州市,
883,江苏护理职业学院,淮安市,
884,江苏财会职业学院,连云港市,
885,江苏城乡建设职业学院,常州市,
886,江苏航空职业技术学院,镇江市,
887,江苏安全技术职业学院,徐州市,
浙江省（107所）,,,
888,浙江大学,杭州市,
889,杭州电子科技大学,杭州市,
890,浙江工业大学,杭州市,
891,浙江理工大学,杭州市,
892,浙江海洋大学,舟山市,
893,浙江农林大学,杭州市,
894,温州医科大学,温州市,
895,浙江中医药大学,杭州市,
896,浙江师范大学,金华市,
897,杭州师范大学,杭州市,
898,湖州师范学院,湖州市,
899,绍兴文理学院,绍兴市,
900,台州学院,台州市,
901,温州大学,温州市,
902,丽水学院,丽水市,
903,浙江工商大学,杭州市,
904,嘉兴学院,嘉兴市,
905,中国美术学院,杭州市,
906,中国计量大学,杭州市,
907,公安海警学院,宁波市,
908,浙江万里学院,宁波市,
909,浙江科技学院,杭州市,
910,宁波工程学院,宁波市,
911,浙江水利水电学院,杭州市,
912,浙江财经大学,杭州市,
913,浙江警察学院,杭州市,
914,衢州学院,衢州市,
915,宁波大学,宁波市,
916,浙江传媒学院,杭州市,
917,浙江树人学院,杭州市,
918,浙江越秀外国语学院,绍兴市,
919,宁波大红鹰学院,宁波市,
920,浙江大学城市学院,杭州市,
921,浙江大学宁波理工学院,宁波市,
922,杭州医学院,杭州市,
923,浙江工业大学之江学院,杭州市,
924,浙江师范大学行知学院,金华市,
925,宁波大学科学技术学院,宁波市,
926,杭州电子科技大学信息工程学院,杭州市,
927,浙江理工大学科技与艺术学院,杭州市,
928,浙江海洋大学东海科学技术学院,舟山市,
929,浙江农林大学暨阳学院,绍兴市,
930,温州医科大学仁济学院,温州市,
931,浙江中医药大学滨江学院,杭州市,
932,杭州师范大学钱江学院,杭州市,
933,湖州师范学院求真学院,湖州市,
934,绍兴文理学院元培学院,绍兴市,
935,温州大学瓯江学院,温州市,
936,浙江工商大学杭州商学院,杭州市,
937,嘉兴学院南湖学院,嘉兴市,
938,中国计量大学现代科技学院,杭州市,
939,浙江财经大学东方学院,嘉兴市,
940,温州商学院,温州市,
941,同济大学浙江学院,嘉兴市,
942,上海财经大学浙江学院,金华市,
943,浙江外国语学院,杭州市,
944,浙江音乐学院,杭州市,
945,宁波诺丁汉大学,宁波市,
946,温州肯恩大学,温州市,
947,宁波职业技术学院,宁波市,
948,温州职业技术学院,温州市,
949,浙江交通职业技术学院,杭州市,
950,金华职业技术学院,金华市,
951,宁波城市职业技术学院,宁波市,
952,浙江电力职业技术学院,杭州市,
953,浙江同济科技职业学院,杭州市,
954,浙江工商职业技术学院,宁波市,
955,台州职业技术学院,台州市,
956,浙江工贸职业技术学院,温州市,
957,浙江医药高等专科学校,宁波市,
958,浙江机电职业技术学院,杭州市,
959,浙江建设职业技术学院,杭州市,
960,浙江艺术职业学院,杭州市,
961,浙江经贸职业技术学院,杭州市,
962,浙江商业职业技术学院,杭州市,
963,浙江经济职业技术学院,杭州市,
964,浙江旅游职业学院,杭州市,
965,浙江育英职业技术学院,杭州市,
966,浙江警官职业学院,杭州市,
967,浙江金融职业学院,杭州市,
968,浙江工业职业技术学院,绍兴市,
969,杭州职业技术学院,杭州市,
970,嘉兴职业技术学院,嘉兴市,
971,湖州职业技术学院,湖州市,
972,绍兴职业技术学院,绍兴市,
973,衢州职业技术学院,衢州市,
974,丽水职业技术学院,丽水市,
975,浙江东方职业技术学院,温州市,
976,义乌工商职业技术学院,金华市,
977,浙江纺织服装职业技术学院,宁波市,
978,杭州科技职业技术学院,杭州市,
979,浙江长征职业技术学院,杭州市,
980,嘉兴南洋职业技术学院,嘉兴市,
981,浙江广厦建设职业技术学院,金华市,
982,杭州万向职业技术学院,杭州市,
983,浙江邮电职业技术学院,绍兴市,
984,宁波卫生职业技术学院,宁波市,
985,台州科技职业学院,台州市,
986,浙江国际海运职业技术学院,舟山市,
987,浙江体育职业技术学院,杭州市,
988,温州科技职业学院,温州市,
989,浙江汽车职业技术学院,台州市,
990,浙江横店影视职业学院,金华市,
991,浙江农业商贸职业学院,绍兴市,
992,浙江特殊教育职业学院,杭州市,
993,浙江安防职业技术学院,温州市,
994,浙江舟山群岛新区旅游与健康职业学院,舟山市,
安徽省（119所）,,,
995,安徽大学,合肥市,
996,中国科学技术大学,合肥市,
997,合肥工业大学,合肥市,
998,安徽工业大学,马鞍山市,
999,安徽理工大学,淮南市,
1000,安徽工程大学,芜湖市,
1001,安徽农业大学,合肥市,
1002,安徽医科大学,合肥市,
1003,蚌埠医学院,蚌埠市,
1004,皖南医学院,芜湖市,
1005,安徽中医药大学,合肥市,
1006,安徽师范大学,芜湖市,
1007,阜阳师范学院,阜阳市,
1008,安庆师范大学,安庆市,
1009,淮北师范大学,淮北市,
1010,黄山学院,黄山市,
1011,皖西学院,六安市,
1012,滁州学院,滁州市,
1013,安徽财经大学,蚌埠市,
1014,宿州学院,宿州市,
1015,巢湖学院,合肥市,
1016,淮南师范学院,淮南市,
1017,铜陵学院,铜陵市,
1018,安徽建筑大学,合肥市,
1019,安徽科技学院,滁州市,
1020,安徽三联学院,合肥市,
1021,合肥学院,合肥市,
1022,蚌埠学院,蚌埠市,
1023,池州学院,池州市,
1024,安徽新华学院,合肥市,
1025,安徽文达信息工程学院,合肥市,
1026,亳州学院,亳州市,
1027,安徽外国语学院,合肥市,
1028,安徽财经大学商学院,蚌埠市,
1029,安徽大学江淮学院,合肥市,
1030,安徽信息工程学院,芜湖市,
1031,安徽工业大学工商学院,马鞍山市,
1032,安徽建筑大学城市建设学院,合肥市,
1033,安徽农业大学经济技术学院,合肥市,
1034,安徽师范大学皖江学院,芜湖市,
1035,安徽医科大学临床医学院,合肥市,
1036,阜阳师范学院信息工程学院,阜阳市,
1037,淮北师范大学信息学院,淮北市,
1038,合肥师范学院,合肥市,
1039,河海大学文天学院,马鞍山市,
1040,安徽职业技术学院,合肥市,
1041,淮北职业技术学院,淮北市,
1042,芜湖职业技术学院,芜湖市,
1043,淮南联合大学,淮南市,
1044,安徽商贸职业技术学院,芜湖市,
1045,安徽水利水电职业技术学院,合肥市,
1046,阜阳职业技术学院,阜阳市,
1047,铜陵职业技术学院,铜陵市,
1048,民办万博科技职业学院,合肥市,
1049,安徽警官职业学院,合肥市,
1050,淮南职业技术学院,淮南市,
1051,安徽工业经济职业技术学院,合肥市,
1052,合肥通用职业技术学院,合肥市,
1053,安徽工贸职业技术学院,淮南市,
1054,宿州职业技术学院,宿州市,
1055,六安职业技术学院,六安市,
1056,安徽电子信息职业技术学院,蚌埠市,
1057,民办合肥经济技术职业学院,合肥市,
1058,安徽交通职业技术学院,合肥市,
1059,安徽体育运动职业技术学院,合肥市,
1060,安徽中医药高等专科学校,芜湖市,
1061,安徽医学高等专科学校,合肥市,
1062,合肥职业技术学院,合肥市,
1063,滁州职业技术学院,滁州市,
1064,池州职业技术学院,池州市,
1065,宣城职业技术学院,宣城市,
1066,安徽广播影视职业技术学院,合肥市,
1067,民办合肥滨湖职业技术学院,合肥市,
1068,安徽电气工程职业技术学院,合肥市,
1069,安徽冶金科技职业学院,马鞍山市,
1070,安徽城市管理职业学院,合肥市,
1071,安徽机电职业技术学院,芜湖市,
1072,安徽工商职业学院,合肥市,
1073,安徽中澳科技职业学院,合肥市,
1074,阜阳科技职业学院,阜阳市,
1075,亳州职业技术学院,亳州市,
1076,安徽国防科技职业学院,六安市,
1077,安庆职业技术学院,安庆市,
1078,安徽艺术职业学院,合肥市,
1079,马鞍山师范高等专科学校,马鞍山市,
1080,安徽财贸职业学院,合肥市,
1081,安徽国际商务职业学院,合肥市,
1082,安徽公安职业学院,合肥市,
1083,安徽林业职业技术学院,合肥市,
1084,安徽审计职业学院,合肥市,
1085,安徽新闻出版职业技术学院,合肥市,
1086,安徽邮电职业技术学院,合肥市,
1087,安徽工业职业技术学院,铜陵市,
1088,民办合肥财经职业学院,合肥市,
1089,安庆医药高等专科学校,安庆市,
1090,安徽涉外经济职业学院,合肥市,
1091,安徽绿海商务职业学院,合肥市,
1092,合肥共达职业技术学院,合肥市,
1093,蚌埠经济技术职业学院,蚌埠市,
1094,民办安徽旅游职业学院,阜阳市,
1095,徽商职业学院,合肥市,
1096,马鞍山职业技术学院,马鞍山市,
1097,安徽现代信息工程职业学院,六安市,
1098,安徽矿业职业技术学院,淮北市,
1099,合肥信息技术职业学院,合肥市,
1100,桐城师范高等专科学校,安庆市,
1101,黄山职业技术学院,黄山市,
1102,滁州城市职业学院,滁州市,
1103,安徽汽车职业技术学院,合肥市,
1104,皖西卫生职业学院,六安市,
1105,合肥幼儿师范高等专科学校,合肥市,
1106,安徽长江职业学院,合肥市,
1107,安徽扬子职业技术学院,芜湖市,
1108,安徽黄梅戏艺术职业学院,安庆市,
1109,安徽粮食工程职业学院,合肥市,
1110,安徽人口职业学院,池州市,
1111,合肥科技职业学院,合肥市,
1112,皖北卫生职业学院,宿州市,
1113,阜阳幼儿师范高等专科学校,阜阳市,
福建省（88所）,,,
1114,厦门大学,厦门市,
1115,华侨大学,泉州市,
1116,福州大学,福州市,
1117,福建工程学院,福州市,
1118,福建农林大学,福州市,
1119,集美大学,厦门市,
1120,福建医科大学,福州市,
1121,福建中医药大学,福州市,
1122,福建师范大学,福州市,
1123,闽江学院,福州市,
1124,武夷学院,南平市,
1125,宁德师范学院,宁德市,
1126,泉州师范学院,泉州市,
1127,闽南师范大学,漳州市,
1128,厦门理工学院,厦门市,
1129,三明学院,三明市,
1130,龙岩学院,龙岩市,
1131,福建商学院,福州市,
1132,福建警察学院,福州市,
1133,莆田学院,莆田市,
1134,仰恩大学,泉州市,
1135,厦门医学院,厦门市,
1136,厦门华厦学院,厦门市,
1137,闽南理工学院,泉州市,
1138,福建师范大学闽南科技学院,泉州市,
1139,福建农林大学东方学院,福州市,
1140,厦门工学院,厦门市,
1141,阳光学院,福州市,
1142,厦门大学嘉庚学院,漳州市,
1143,福州大学至诚学院,福州市,
1144,集美大学诚毅学院,厦门市,
1145,福建师范大学协和学院,福州市,
1146,福州外语外贸学院,福州市,
1147,福建江夏学院,福州市,
1148,泉州信息工程学院,泉州市,
1149,福州理工学院,福州市,
1150,福建农林大学金山学院,福州市,
1151,福建船政交通职业学院,福州市,
1152,漳州职业技术学院,漳州市,
1153,闽西职业技术学院,龙岩市,
1154,黎明职业大学,泉州市,
1155,福建华南女子职业学院,福州市,
1156,福州职业技术学院,福州市,
1157,福建林业职业技术学院,南平市,
1158,福建信息职业技术学院,福州市,
1159,福建水利电力职业技术学院,三明市,
1160,福建电力职业技术学院,泉州市,
1161,厦门海洋职业技术学院,厦门市,
1162,福建农业职业技术学院,福州市,
1163,福建卫生职业技术学院,福州市,
1164,泉州医学高等专科学校,泉州市,
1165,福州英华职业学院,福州市,
1166,泉州纺织服装职业学院,泉州市,
1167,泉州华光职业学院,泉州市,
1168,泉州理工职业学院,泉州市,
1169,福建警官职业学院,福州市,
1170,闽北职业技术学院,南平市,
1171,福州黎明职业技术学院,福州市,
1172,厦门演艺职业学院,厦门市,
1173,厦门华天涉外职业技术学院,厦门市,
1174,福州科技职业技术学院,福州市,
1175,泉州经贸职业技术学院,泉州市,
1176,福建对外经济贸易职业技术学院,福州市,
1177,湄洲湾职业技术学院,莆田市,
1178,福建生物工程职业技术学院,福州市,
1179,福建艺术职业学院,福州市,
1180,福建幼儿师范高等专科学校,福州市,
1181,厦门城市职业学院,厦门市,
1182,泉州工艺美术职业学院,泉州市,
1183,三明职业技术学院,三明市,
1184,宁德职业技术学院,宁德市,
1185,福州软件职业技术学院,福州市,
1186,厦门兴才职业技术学院,厦门市,
1187,厦门软件职业技术学院,厦门市,
1188,福建体育职业技术学院,福州市,
1189,漳州城市职业学院,漳州市,
1190,厦门南洋职业学院,厦门市,
1191,厦门东海职业技术学院,厦门市,
1192,漳州科技职业学院,漳州市,
1193,漳州理工职业学院,漳州市,
1194,武夷山职业学院,南平市,
1195,漳州卫生职业学院,漳州市,
1196,泉州海洋职业学院,泉州市,
1197,泉州轻工职业学院,泉州市,
1198,厦门安防科技职业学院,厦门市,
1199,泉州幼儿师范高等专科学校,泉州市,
1200,闽江师范高等专科学校,福州市,
1201,泉州工程职业技术学院,泉州市,
江西省（98所）,,,
1202,南昌大学,南昌市,
1203,华东交通大学,南昌市,
1204,东华理工大学,抚州市,
1205,南昌航空大学,南昌市,
1206,江西理工大学,赣州市,
1207,景德镇陶瓷大学,景德镇市,
1208,江西农业大学,南昌市,
1209,江西中医药大学,南昌市,
1210,赣南医学院,赣州市,
1211,江西师范大学,南昌市,
1212,上饶师范学院,上饶市,
1213,宜春学院,宜春市,
1214,赣南师范大学,赣州市,
1215,井冈山大学,吉安市,
1216,江西财经大学,南昌市,
1217,江西科技学院,南昌市,
1218,景德镇学院,景德镇市,
1219,萍乡学院,萍乡市,
1220,江西科技师范大学,南昌市,
1221,南昌工程学院,南昌市,
1222,江西警察学院,南昌市,
1223,新余学院,新余市,
1224,九江学院,九江市,
1225,江西工程学院,新余市,
1226,南昌理工学院,南昌市,
1227,江西应用科技学院,南昌市,
1228,江西服装学院,南昌市,
1229,南昌工学院,南昌市,
1230,南昌大学科学技术学院,南昌市,
1231,南昌大学共青学院,九江市,
1232,华东交通大学理工学院,南昌市,
1233,东华理工大学长江学院,抚州市,
1234,南昌航空大学科技学院,南昌市,
1235,江西理工大学应用科学学院,赣州市,
1236,景德镇陶瓷大学科技艺术学院,景德镇市,
1237,江西农业大学南昌商学院,南昌市,
1238,江西中医药大学科技学院,南昌市,
1239,江西师范大学科学技术学院,南昌市,
1240,赣南师范大学科技学院,赣州市,
1241,江西科技师范大学理工学院,南昌市,
1242,江西财经大学现代经济管理学院,南昌市,
1243,南昌师范学院,南昌市,
1244,江西工业职业技术学院,南昌市,
1245,江西医学高等专科学校,上饶市,
1246,九江职业大学,九江市,
1247,九江职业技术学院,九江市,
1248,江西司法警官职业学院,南昌市,
1249,江西陶瓷工艺美术职业技术学院,景德镇市,
1250,江西旅游商贸职业学院,南昌市,
1251,江西电力职业技术学院,南昌市,
1252,江西环境工程职业学院,赣州市,
1253,江西艺术职业学院,南昌市,
1254,鹰潭职业技术学院,鹰潭市,
1255,江西信息应用职业技术学院,南昌市,
1256,江西交通职业技术学院,南昌市,
1257,江西财经职业学院,九江市,
1258,江西应用技术职业学院,赣州市,
1259,江西现代职业技术学院,南昌市,
1260,江西工业工程职业技术学院,萍乡市,
1261,江西机电职业技术学院,南昌市,
1262,江西科技职业学院,南昌市,
1263,南昌职业学院,南昌市,
1264,江西外语外贸职业学院,南昌市,
1265,江西工业贸易职业技术学院,南昌市,
1266,宜春职业技术学院,宜春市,
1267,江西应用工程职业学院,萍乡市,
1268,江西生物科技职业学院,南昌市,
1269,江西建设职业技术学院,南昌市,
1270,抚州职业技术学院,抚州市,
1271,南昌师范高等专科学校,南昌市,
1272,江西中医药高等专科学校,抚州市,
1273,江西先锋软件职业技术学院,南昌市,
1274,江西经济管理职业学院,南昌市,
1275,江西制造职业技术学院,南昌市,
1276,江西工程职业学院,南昌市,
1277,江西青年职业学院,南昌市,
1278,上饶职业技术学院,上饶市,
1279,江西航空职业技术学院,南昌市,
1280,江西农业工程职业学院,宜春市,
1281,赣西科技职业学院,新余市,
1282,江西卫生职业学院,南昌市,
1283,江西新能源科技职业学院,新余市,
1284,江西枫林涉外经贸职业学院,九江市,
1285,江西泰豪动漫职业学院,南昌市,
1286,江西冶金职业技术学院,新余市,
1287,江西管理职业学院,南昌市,
1288,江西传媒职业学院,南昌市,
1289,江西工商职业技术学院,南昌市,
1290,景德镇陶瓷职业技术学院,景德镇市,
1291,共青科技职业学院,九江市,
1292,赣州师范高等专科学校,赣州市,
1293,江西水利职业学院,南昌市,
1294,宜春幼儿师范高等专科学校,宜春市,
1295,吉安职业技术学院,吉安市,
1296,江西洪州职业学院,宜春市,
1297,江西师范高等专科学校,鹰潭市,
1298,南昌影视传播职业学院,南昌市,
1299,赣南卫生健康职业学院,赣州市,
山东省（144所）,,,
1300,山东大学,济南市,
1301,中国海洋大学,青岛市,
1302,山东科技大学,青岛市,
1303,中国石油大学（华东）,青岛市,
1304,青岛科技大学,青岛市,
1305,济南大学,济南市,
1306,青岛理工大学,青岛市,
1307,山东建筑大学,济南市,
1308,齐鲁工业大学,济南市,
1309,山东理工大学,淄博市,
1310,山东农业大学,泰安市,
1311,青岛农业大学,青岛市,
1312,潍坊医学院,潍坊市,
1313,泰山医学院,泰安市,
1314,滨州医学院,滨州市,
1315,山东中医药大学,济南市,
1316,济宁医学院,济宁市,
1317,山东师范大学,济南市,
1318,曲阜师范大学,济宁市,
1319,聊城大学,聊城市,
1320,德州学院,德州市,
1321,滨州学院,滨州市,
1322,鲁东大学,烟台市,
1323,临沂大学,临沂市,
1324,泰山学院,泰安市,
1325,济宁学院,济宁市,
1326,菏泽学院,菏泽市,
1327,山东财经大学,济南市,
1328,山东体育学院,济南市,
1329,山东艺术学院,济南市,
1330,齐鲁医药学院,淄博市,
1331,青岛滨海学院,青岛市,
1332,枣庄学院,枣庄市,
1333,山东工艺美术学院,济南市,
1334,青岛大学,青岛市,
1335,烟台大学,烟台市,
1336,潍坊学院,潍坊市,
1337,山东警察学院,济南市,
1338,山东交通学院,济南市,
1339,山东工商学院,烟台市,
1340,山东女子学院,济南市,
1341,烟台南山学院,烟台市,
1342,潍坊科技学院,潍坊市,
1343,山东英才学院,济南市,
1344,青岛恒星科技学院,青岛市,
1345,青岛黄海学院,青岛市,
1346,山东现代学院,济南市,
1347,山东协和学院,济南市,
1348,烟台大学文经学院,烟台市,
1349,聊城大学东昌学院,聊城市,
1350,青岛理工大学琴岛学院,青岛市,
1351,山东师范大学历山学院,济南市,
1352,山东财经大学燕山学院,济南市,
1353,中国石油大学胜利学院,东营市,
1354,山东科技大学泰山科技学院,泰安市,
1355,山东华宇工学院,德州市,
1356,青岛工学院,青岛市,
1357,青岛农业大学海都学院,烟台市,
1358,齐鲁理工学院,济南市,
1359,山东财经大学东方学院,泰安市,
1360,济南大学泉城学院,济南市,
1361,山东政法学院,济南市,
1362,齐鲁师范学院,济南市,
1363,山东青年政治学院,济南市,
1364,北京电影学院现代创意媒体学院,青岛市,
1365,山东管理学院,济南市,
1366,山东农业工程学院,济南市,
1367,山东医学高等专科学校,临沂市,
1368,菏泽医学专科学校,菏泽市,
1369,山东商业职业技术学院,济南市,
1370,山东电力高等专科学校,济南市,
1371,日照职业技术学院,日照市,
1372,曲阜远东职业技术学院,济宁市,
1373,青岛职业技术学院,青岛市,
1374,威海职业学院,威海市,
1375,山东职业学院,济南市,
1376,山东劳动职业技术学院,济南市,
1377,莱芜职业技术学院,莱芜市,
1378,济宁职业技术学院,济宁市,
1379,潍坊职业学院,潍坊市,
1380,烟台职业学院,烟台市,
1381,东营职业学院,东营市,
1382,聊城职业技术学院,聊城市,
1383,滨州职业学院,滨州市,
1384,山东科技职业学院,潍坊市,
1385,山东服装职业学院,泰安市,
1386,德州科技职业学院,德州市,
1387,山东力明科技职业学院,泰安市,
1388,山东圣翰财贸职业学院,济南市,
1389,山东水利职业学院,日照市,
1390,山东畜牧兽医职业学院,潍坊市,
1391,青岛飞洋职业技术学院,青岛市,
1392,东营科技职业学院,东营市,
1393,山东交通职业学院,潍坊市,
1394,淄博职业学院,淄博市,
1395,山东外贸职业学院,青岛市,
1396,青岛酒店管理职业技术学院,青岛市,
1397,山东信息职业技术学院,潍坊市,
1398,青岛港湾职业技术学院,青岛市,
1399,山东胜利职业学院,东营市,
1400,山东经贸职业学院,潍坊市,
1401,山东工业职业学院,淄博市,
1402,山东化工职业学院,淄博市,
1403,青岛求实职业技术学院,青岛市,
1404,济南职业学院,济南市,
1405,烟台工程职业技术学院,烟台市,
1406,山东凯文科技职业学院,济南市,
1407,山东外国语职业学院,日照市,
1408,潍坊工商职业学院,潍坊市,
1409,德州职业技术学院,德州市,
1410,枣庄科技职业学院,枣庄市,
1411,淄博师范高等专科学校,淄博市,
1412,山东中医药高等专科学校,烟台市,
1413,济南工程职业技术学院,济南市,
1414,山东电子职业技术学院,济南市,
1415,山东旅游职业学院,济南市,
1416,山东铝业职业学院,淄博市,
1417,山东杏林科技职业学院,济南市,
1418,泰山职业技术学院,泰安市,
1419,山东外事翻译职业学院,威海市,
1420,山东药品食品职业学院,威海市,
1421,山东商务职业学院,烟台市,
1422,山东轻工职业学院,淄博市,
1423,山东城市建设职业学院,济南市,
1424,烟台汽车工程职业学院,烟台市,
1425,山东司法警官职业学院,济南市,
1426,菏泽家政职业学院,菏泽市,
1427,山东传媒职业学院,济南市,
1428,临沂职业学院,临沂市,
1429,枣庄职业学院,枣庄市,
1430,山东理工职业学院,济宁市,
1431,山东文化产业职业学院,烟台市,
1432,青岛远洋船员职业学院,青岛市,
1433,济南幼儿师范高等专科学校,济南市,
1434,济南护理职业学院,济南市,
1435,泰山护理职业学院,泰安市,
1436,山东海事职业学院,潍坊市,
1437,潍坊护理职业学院,潍坊市,
1438,潍坊工程职业学院,潍坊市,
1439,菏泽职业学院,菏泽市,
1440,山东艺术设计职业学院,济南市,
1441,威海海洋职业学院,威海市,
1442,山东特殊教育职业学院,济南市,
1443,烟台黄金职业学院,烟台市,
河南省（129所）,,,
1444,华北水利水电大学,郑州市,
1445,郑州大学,郑州市,
1446,河南理工大学,焦作市,
1447,郑州轻工业学院,郑州市,
1448,河南工业大学,郑州市,
1449,河南科技大学,洛阳市,
1450,中原工学院,郑州市,
1451,河南农业大学,郑州市,
1452,河南科技学院,新乡市,
1453,河南牧业经济学院,郑州市,
1454,河南中医药大学,郑州市,
1455,新乡医学院,新乡市,
1456,河南大学,开封市,
1457,河南师范大学,新乡市,
1458,信阳师范学院,信阳市,
1459,周口师范学院,周口市,
1460,安阳师范学院,安阳市,
1461,许昌学院,许昌市,
1462,南阳师范学院,南阳市,
1463,洛阳师范学院,洛阳市,
1464,商丘师范学院,商丘市,
1465,河南财经政法大学,郑州市,
1466,郑州航空工业管理学院,郑州市,
1467,黄淮学院,驻马店市,
1468,平顶山学院,平顶山市,
1469,郑州工程技术学院,郑州市,
1470,洛阳理工学院,洛阳市,
1471,新乡学院,新乡市,
1472,信阳农林学院,信阳市,
1473,河南工学院,新乡市,
1474,安阳工学院,安阳市,
1475,河南工程学院,郑州市,
1476,河南财政金融学院,郑州市,
1477,南阳理工学院,南阳市,
1478,河南城建学院,平顶山市,
1479,河南警察学院,郑州市,
1480,黄河科技学院,郑州市,
1481,铁道警察学院,郑州市,
1482,郑州科技学院,郑州市,
1483,郑州工业应用技术学院,郑州市,
1484,郑州师范学院,郑州市,
1485,郑州财经学院,郑州市,
1486,黄河交通学院,焦作市,
1487,商丘工学院,商丘市,
1488,河南大学民生学院,开封市,
1489,河南师范大学新联学院,郑州市,
1490,信阳学院,信阳市,
1491,安阳学院,安阳市,
1492,新乡医学院三全学院,新乡市,
1493,河南科技学院新科学院,新乡市,
1494,郑州工商学院,郑州市,
1495,中原工学院信息商务学院,郑州市,
1496,商丘学院,商丘市,
1497,郑州成功财经学院,郑州市,
1498,郑州升达经贸管理学院,郑州市,
1499,河南职业技术学院,郑州市,
1500,漯河职业技术学院,漯河市,
1501,三门峡职业技术学院,三门峡市,
1502,郑州铁路职业技术学院,郑州市,
1503,开封大学,开封市,
1504,焦作大学,焦作市,
1505,濮阳职业技术学院,濮阳市,
1506,郑州电力高等专科学校,郑州市,
1507,黄河水利职业技术学院,开封市,
1508,许昌职业技术学院,许昌市,
1509,河南工业和信息化职业学院,焦作市,
1510,河南水利与环境职业学院,郑州市,
1511,商丘职业技术学院,商丘市,
1512,平顶山工业职业技术学院,平顶山市,
1513,周口职业技术学院,周口市,
1514,济源职业技术学院,济源市,
1515,河南司法警官职业学院,郑州市,
1516,鹤壁职业技术学院,鹤壁市,
1517,河南工业职业技术学院,南阳市,
1518,郑州澍青医学高等专科学校,郑州市,
1519,焦作师范高等专科学校,焦作市,
1520,河南检察职业学院,郑州市,
1521,河南质量工程职业学院,平顶山市,
1522,郑州信息科技职业学院,郑州市,
1523,漯河医学高等专科学校,漯河市,
1524,南阳医学高等专科学校,南阳市,
1525,商丘医学高等专科学校,商丘市,
1526,郑州电子信息职业技术学院,郑州市,
1527,信阳职业技术学院,信阳市,
1528,嵩山少林武术职业学院,郑州市,
1529,郑州工业安全职业学院,郑州市,
1530,永城职业学院,商丘市,
1531,河南经贸职业学院,郑州市,
1532,河南交通职业技术学院,郑州市,
1533,河南农业职业学院,郑州市,
1534,郑州旅游职业学院,郑州市,
1535,郑州职业技术学院,郑州市,
1536,河南信息统计职业学院,郑州市,
1537,河南林业职业学院,洛阳市,
1538,河南工业贸易职业学院,郑州市,
1539,郑州电力职业技术学院,郑州市,
1540,周口科技职业学院,周口市,
1541,河南建筑职业技术学院,郑州市,
1542,漯河食品职业学院,漯河市,
1543,郑州城市职业学院,郑州市,
1544,安阳职业技术学院,安阳市,
1545,新乡职业技术学院,新乡市,
1546,驻马店职业技术学院,驻马店市,
1547,焦作工贸职业学院,焦作市,
1548,许昌陶瓷职业学院,许昌市,
1549,郑州理工职业学院,郑州市,
1550,郑州信息工程职业学院,郑州市,
1551,长垣烹饪职业技术学院,新乡市,
1552,开封文化艺术职业学院,开封市,
1553,河南应用技术职业学院,郑州市,
1554,河南艺术职业学院,郑州市,
1555,河南机电职业学院,郑州市,
1556,河南护理职业学院,安阳市,
1557,许昌电气职业学院,许昌市,
1558,信阳涉外职业技术学院,信阳市,
1559,鹤壁汽车工程职业学院,鹤壁市,
1560,南阳职业学院,南阳市,
1561,郑州商贸旅游职业学院,郑州市,
1562,河南推拿职业学院,洛阳市,
1563,洛阳职业技术学院,洛阳市,
1564,郑州幼儿师范高等专科学校,郑州市,
1565,安阳幼儿师范高等专科学校,安阳市,
1566,郑州黄河护理职业学院,郑州市,
1567,河南医学高等专科学校,郑州市,
1568,郑州财税金融职业学院,郑州市,
1569,南阳农业职业学院,南阳市,
1570,洛阳科技职业学院,洛阳市,
1571,鹤壁能源化工职业学院,鹤壁市,
1572,平顶山文化艺术职业学院,平顶山市,
湖北省（128所）,,,
1573,武汉大学,武汉市,
1574,华中科技大学,武汉市,
1575,武汉科技大学,武汉市,
1576,长江大学,荆州市,
1577,武汉工程大学,武汉市,
1578,中国地质大学（武汉）,武汉市,
1579,武汉纺织大学,武汉市,
1580,武汉轻工大学,武汉市,
1581,武汉理工大学,武汉市,
1582,湖北工业大学,武汉市,
1583,华中农业大学,武汉市,
1584,湖北中医药大学,武汉市,
1585,华中师范大学,武汉市,
1586,湖北大学,武汉市,
1587,湖北师范大学,黄石市,
1588,黄冈师范学院,黄冈市,
1589,湖北民族学院,恩施土家族苗族自治州,
1590,汉江师范学院,十堰市,
1591,湖北文理学院,襄阳市,
1592,中南财经政法大学,武汉市,
1593,武汉体育学院,武汉市,
1594,湖北美术学院,武汉市,
1595,中南民族大学,武汉市,
1596,湖北汽车工业学院,十堰市,
1597,湖北工程学院,孝感市,
1598,湖北理工学院,黄石市,
1599,湖北科技学院,咸宁市,
1600,湖北医药学院,十堰市,
1601,江汉大学,武汉市,
1602,三峡大学,宜昌市,
1603,湖北警官学院,武汉市,
1604,荆楚理工学院,荆门市,
1605,武汉音乐学院,武汉市,
1606,湖北经济学院,武汉市,
1607,武汉商学院,武汉市,
1608,武汉东湖学院,武汉市,
1609,汉口学院,武汉市,
1610,武昌首义学院,武汉市,
1611,武昌理工学院,武汉市,
1612,武汉生物工程学院,武汉市,
1613,武汉晴川学院,武汉市,
1614,湖北大学知行学院,武汉市,
1615,武汉科技大学城市学院,武汉市,
1616,三峡大学科技学院,宜昌市,
1617,江汉大学文理学院,武汉市,
1618,湖北工业大学工程技术学院,武汉市,
1619,武汉工程大学邮电与信息工程学院,武汉市,
1620,武汉纺织大学外经贸学院,武汉市,
1621,武昌工学院,武汉市,
1622,武汉工商学院,武汉市,
1623,长江大学工程技术学院,荆州市,
1624,长江大学文理学院,荆州市,
1625,湖北商贸学院,武汉市,
1626,湖北汽车工业学院科技学院,十堰市,
1627,湖北医药学院药护学院,十堰市,
1628,湖北民族学院科技学院,恩施土家族苗族自治州,
1629,湖北经济学院法商学院,武汉市,
1630,武汉体育学院体育科技学院,武汉市,
1631,湖北师范大学文理学院,黄石市,
1632,湖北文理学院理工学院,襄阳市,
1633,湖北工程学院新技术学院,孝感市,
1634,文华学院,武汉市,
1635,武汉学院,武汉市,
1636,武汉工程科技学院,武汉市,
1637,武汉华夏理工学院,武汉市,
1638,武汉传媒学院,武汉市,
1639,武汉设计工程学院,武汉市,
1640,湖北第二师范学院,武汉市,
1641,武汉职业技术学院,武汉市,
1642,黄冈职业技术学院,黄冈市,
1643,长江职业学院,武汉市,
1644,荆州理工职业学院,荆州市,
1645,湖北工业职业技术学院,十堰市,
1646,鄂州职业大学,鄂州市,
1647,武汉城市职业学院,武汉市,
1648,湖北职业技术学院,孝感市,
1649,武汉船舶职业技术学院,武汉市,
1650,恩施职业技术学院,恩施土家族苗族自治州,
1651,襄阳职业技术学院,襄阳市,
1652,武汉工贸职业学院,武汉市,
1653,荆州职业技术学院,荆州市,
1654,武汉工程职业技术学院,武汉市,
1655,仙桃职业学院,仙桃市,
1656,湖北轻工职业技术学院,武汉市,
1657,湖北交通职业技术学院,武汉市,
1658,湖北中医药高等专科学校,荆州市,
1659,武汉航海职业技术学院,武汉市,
1660,武汉铁路职业技术学院,武汉市,
1661,武汉软件工程职业学院,武汉市,
1662,湖北三峡职业技术学院,宜昌市,
1663,随州职业技术学院,随州市,
1664,武汉电力职业技术学院,武汉市,
1665,湖北水利水电职业技术学院,武汉市,
1666,湖北城市建设职业技术学院,武汉市,
1667,武汉警官职业学院,武汉市,
1668,湖北生物科技职业学院,武汉市,
1669,湖北开放职业学院,武汉市,
1670,武汉科技职业学院,武汉市,
1671,武汉外语外事职业学院,武汉市,
1672,武汉信息传播职业技术学院,武汉市,
1673,武昌职业学院,武汉市,
1674,武汉商贸职业学院,武汉市,
1675,湖北艺术职业学院,武汉市,
1676,武汉交通职业学院,武汉市,
1677,咸宁职业技术学院,咸宁市,
1678,长江工程职业技术学院,武汉市,
1679,江汉艺术职业学院,潜江市,
1680,武汉工业职业技术学院,武汉市,
1681,武汉民政职业学院,武汉市,
1682,鄂东职业技术学院,黄冈市,
1683,湖北财税职业学院,武汉市,
1684,黄冈科技职业学院,黄冈市,
1685,湖北国土资源职业学院,武汉市,
1686,湖北生态工程职业技术学院,武汉市,
1687,三峡电力职业学院,宜昌市,
1688,湖北科技职业学院,武汉市,
1689,湖北青年职业学院,武汉市,
1690,湖北工程职业学院,黄石市,
1691,三峡旅游职业技术学院,宜昌市,
1692,天门职业学院,天门市,
1693,湖北体育职业学院,武汉市,
1694,襄阳汽车职业技术学院,襄阳市,
1695,湖北幼儿师范高等专科学校,武汉市,
1696,湖北铁道运输职业学院,武汉市,
1697,武汉海事职业学院,武汉市,
1698,武当职业学院,十堰市,
1699,荆门职业学院,荆门市,
1700,武汉铁路桥梁职业学院,武汉市,
湖南省（123所）,,,
1701,湘潭大学,湘潭市,
1702,吉首大学,湘西土家族苗族自治州,
1703,湖南大学,长沙市,
1704,中南大学,长沙市,
1705,湖南科技大学,湘潭市,
1706,长沙理工大学,长沙市,
1707,湖南农业大学,长沙市,
1708,中南林业科技大学,长沙市,
1709,湖南中医药大学,长沙市,
1710,湖南师范大学,长沙市,
1711,湖南理工学院,岳阳市,
1712,湘南学院,郴州市,
1713,衡阳师范学院,衡阳市,
1714,邵阳学院,邵阳市,
1715,怀化学院,怀化市,
1716,湖南文理学院,常德市,
1717,湖南科技学院,永州市,
1718,湖南人文科技学院,娄底市,
1719,湖南商学院,长沙市,
1720,南华大学,衡阳市,
1721,长沙医学院,长沙市,
1722,长沙学院,长沙市,
1723,湖南工程学院,湘潭市,
1724,湖南城市学院,益阳市,
1725,湖南工学院,衡阳市,
1726,湖南财政经济学院,长沙市,
1727,湖南警察学院,长沙市,
1728,湖南工业大学,株洲市,
1729,湖南女子学院,长沙市,
1730,湖南第一师范学院,长沙市,
1731,湖南医药学院,怀化市,
1732,湖南涉外经济学院,长沙市,
1733,湘潭大学兴湘学院,湘潭市,
1734,湖南工业大学科技学院,株洲市,
1735,湖南科技大学潇湘学院,湘潭市,
1736,南华大学船山学院,衡阳市,
1737,湖南商学院北津学院,长沙市,
1738,湖南师范大学树达学院,长沙市,
1739,湖南农业大学东方科技学院,长沙市,
1740,中南林业科技大学涉外学院,长沙市,
1741,湖南文理学院芙蓉学院,常德市,
1742,湖南理工学院南湖学院,岳阳市,
1743,衡阳师范学院南岳学院,衡阳市,
1744,湖南工程学院应用技术学院,湘潭市,
1745,湖南中医药大学湘杏学院,长沙市,
1746,吉首大学张家界学院,张家界市,
1747,长沙理工大学城南学院,长沙市,
1748,长沙师范学院,长沙市,
1749,湖南应用技术学院,常德市,
1750,湖南信息学院,长沙市,
1751,湖南交通工程学院,衡阳市,
1752,长沙民政职业技术学院,长沙市,
1753,湖南工业职业技术学院,长沙市,
1754,株洲师范高等专科学校,株洲市,
1755,湖南信息职业技术学院,长沙市,
1756,湖南税务高等专科学校,长沙市,
1757,湖南冶金职业技术学院,株洲市,
1758,长沙航空职业技术学院,长沙市,
1759,湖南大众传媒职业技术学院,长沙市,
1760,永州职业技术学院,永州市,
1761,湖南铁道职业技术学院,株洲市,
1762,湖南科技职业学院,长沙市,
1763,湖南生物机电职业技术学院,长沙市,
1764,湖南交通职业技术学院,长沙市,
1765,湖南商务职业技术学院,长沙市,
1766,湖南体育职业学院,长沙市,
1767,湖南工程职业技术学院,长沙市,
1768,保险职业学院,长沙市,
1769,湖南外贸职业学院,长沙市,
1770,湖南网络工程职业学院,长沙市,
1771,邵阳职业技术学院,邵阳市,
1772,湖南司法警官职业学院,长沙市,
1773,长沙商贸旅游职业技术学院,长沙市,
1774,湖南环境生物职业技术学院,衡阳市,
1775,湖南邮电职业技术学院,长沙市,
1776,湘潭医卫职业技术学院,湘潭市,
1777,郴州职业技术学院,郴州市,
1778,娄底职业技术学院,娄底市,
1779,张家界航空工业职业技术学院,张家界市,
1780,长沙环境保护职业技术学院,长沙市,
1781,湖南艺术职业学院,长沙市,
1782,湖南机电职业技术学院,长沙市,
1783,长沙职业技术学院,长沙市,
1784,怀化职业技术学院,怀化市,
1785,岳阳职业技术学院,岳阳市,
1786,常德职业技术学院,常德市,
1787,长沙南方职业学院,长沙市,
1788,潇湘职业学院,娄底市,
1789,湖南化工职业技术学院,株洲市,
1790,湖南城建职业技术学院,湘潭市,
1791,湖南石油化工职业技术学院,岳阳市,
1792,湖南中医药高等专科学校,株洲市,
1793,湖南民族职业学院,岳阳市,
1794,湘西民族职业技术学院,湘西土家族苗族自治州,
1795,湖南财经工业职业技术学院,衡阳市,
1796,益阳职业技术学院,益阳市,
1797,湖南工艺美术职业学院,益阳市,
1798,湖南九嶷职业技术学院,永州市,
1799,湖南理工职业技术学院,湘潭市,
1800,湖南软件职业学院,湘潭市,
1801,湖南汽车工程职业学院,株洲市,
1802,长沙电力职业技术学院,长沙市,
1803,湖南水利水电职业技术学院,长沙市,
1804,湖南现代物流职业技术学院,长沙市,
1805,湖南高速铁路职业技术学院,衡阳市,
1806,湖南铁路科技职业技术学院,株洲市,
1807,湖南安全技术职业学院,长沙市,
1808,湖南电气职业技术学院,湘潭市,
1809,湖南外国语职业学院,长沙市,
1810,益阳医学高等专科学校,益阳市,
1811,湖南都市职业学院,长沙市,
1812,湖南电子科技职业学院,长沙市,
1813,湖南国防工业职业技术学院,湘潭市,
1814,湖南高尔夫旅游职业学院,常德市,
1815,湖南工商职业学院,衡阳市,
1816,湖南三一工业职业技术学院,长沙市,
1817,长沙卫生职业学院,长沙市,
1818,湖南食品药品职业学院,长沙市,
1819,湖南有色金属职业技术学院,株洲市,
1820,湖南吉利汽车职业技术学院,湘潭市,
1821,湖南幼儿师范高等专科学校,常德市,
1822,湘南幼儿师范高等专科学校,郴州市,
1823,湖南劳动人事职业学院,长沙市,
广东省（147所）,,,
1824,中山大学,广州市,
1825,暨南大学,广州市,
1826,汕头大学,汕头市,
1827,华南理工大学,广州市,
1828,华南农业大学,广州市,
1829,广东海洋大学,湛江市,
1830,广州医科大学,广州市,
1831,广东医科大学,湛江市,
1832,广州中医药大学,广州市,
1833,广东药科大学,广州市,
1834,华南师范大学,广州市,
1835,韶关学院,韶关市,
1836,惠州学院,惠州市,
1837,韩山师范学院,潮州市,
1838,岭南师范学院,湛江市,
1839,肇庆学院,肇庆市,
1840,嘉应学院,梅州市,
1841,广州体育学院,广州市,
1842,广州美术学院,广州市,
1843,星海音乐学院,广州市,
1844,广东技术师范学院,广州市,
1845,深圳大学,深圳市,
1846,广东财经大学,广州市,
1847,广东白云学院,广州市,
1848,广州大学,广州市,
1849,广州航海学院,广州市,
1850,广东警官学院,广州市,
1851,仲恺农业工程学院,广州市,
1852,五邑大学,江门市,
1853,广东金融学院,广州市,
1854,电子科技大学中山学院,中山市,
1855,广东石油化工学院,茂名市,
1856,东莞理工学院,东莞市,
1857,广东工业大学,广州市,
1858,广东外语外贸大学,广州市,
1859,佛山科学技术学院,佛山市,
1860,广东培正学院,广州市,
1861,南方医科大学,广州市,
1862,广东东软学院,佛山市,
1863,华南理工大学广州学院,广州市,
1864,广州大学华软软件学院,广州市,
1865,中山大学南方学院,广州市,
1866,广东外语外贸大学南国商学院,广州市,
1867,广东财经大学华商学院,广州市,
1868,广东海洋大学寸金学院,湛江市,
1869,华南农业大学珠江学院,广州市,
1870,广东技术师范学院天河学院,广州市,
1871,北京师范大学珠海分校,珠海市,
1872,广东工业大学华立学院,广州市,
1873,广州大学松田学院,广州市,
1874,广州商学院,广州市,
1875,北京理工大学珠海学院,珠海市,
1876,吉林大学珠海学院,珠海市,
1877,广州工商学院,广州市,
1878,广东科技学院,东莞市,
1879,广东理工学院,肇庆市,
1880,东莞理工学院城市学院,东莞市,
1881,中山大学新华学院,广州市,
1882,广东第二师范学院,广州市,
1883,南方科技大学,深圳市,
1884,北京师范大学-香港浸会大学联合国际学院,珠海市,
1885,香港中文大学（深圳）,深圳市,
1886,顺德职业技术学院,佛山市,
1887,广东轻工职业技术学院,广州市,
1888,广东交通职业技术学院,广州市,
1889,广东水利电力职业技术学院,广州市,
1890,潮汕职业技术学院,揭阳市,
1891,深圳职业技术学院,深圳市,
1892,民办南华工商学院,广州市,
1893,私立华联学院,广州市,
1894,广州民航职业技术学院,广州市,
1895,广州番禺职业技术学院,广州市,
1896,广东松山职业技术学院,韶关市,
1897,广东农工商职业技术学院,广州市,
1898,广东新安职业技术学院,深圳市,
1899,佛山职业技术学院,佛山市,
1900,广东科学技术职业学院,广州市,
1901,广东食品药品职业学院,广州市,
1902,广州康大职业技术学院,广州市,
1903,珠海艺术职业学院,珠海市,
1904,广东行政职业学院,广州市,
1905,广东体育职业技术学院,广州市,
1906,广东职业技术学院,佛山市,
1907,广东建设职业技术学院,广州市,
1908,广东女子职业技术学院,广州市,
1909,广东机电职业技术学院,广州市,
1910,广东岭南职业技术学院,广州市,
1911,汕尾职业技术学院,汕尾市,
1912,罗定职业技术学院,云浮市,
1913,阳江职业技术学院,阳江市,
1914,河源职业技术学院,河源市,
1915,广东邮电职业技术学院,广州市,
1916,汕头职业技术学院,汕头市,
1917,揭阳职业技术学院,揭阳市,
1918,深圳信息职业技术学院,深圳市,
1919,清远职业技术学院,清远市,
1920,广东工贸职业技术学院,广州市,
1921,广东司法警官职业学院,广州市,
1922,广东亚视演艺职业学院,东莞市,
1923,广东省外语艺术职业学院,广州市,
1924,广东文艺职业学院,广州市,
1925,广州体育职业技术学院,广州市,
1926,广州工程技术职业学院,广州市,
1927,中山火炬职业技术学院,中山市,
1928,江门职业技术学院,江门市,
1929,茂名职业技术学院,茂名市,
1930,珠海城市职业技术学院,珠海市,
1931,广州涉外经济职业技术学院,广州市,
1932,广州南洋理工职业学院,广州市,
1933,广州科技职业技术学院,广州市,
1934,惠州经济职业技术学院,惠州市,
1935,广东工商职业学院,肇庆市,
1936,肇庆医学高等专科学校,肇庆市,
1937,广州现代信息工程职业技术学院,广州市,
1938,广东理工职业学院,广州市,
1939,广州华南商贸职业学院,广州市,
1940,广州华立科技职业学院,广州市,
1941,广州城市职业学院,广州市,
1942,广东工程职业技术学院,广州市,
1943,广州铁路职业技术学院,广州市,
1944,广东科贸职业学院,广州市,
1945,广州科技贸易职业学院,广州市,
1946,中山职业技术学院,中山市,
1947,广州珠江职业技术学院,广州市,
1948,广州松田职业学院,广州市,
1949,广东文理职业学院,湛江市,
1950,广州城建职业学院,广州市,
1951,东莞职业技术学院,东莞市,
1952,广东南方职业学院,江门市,
1953,广州华商职业学院,广州市,
1954,广州华夏职业学院,广州市,
1955,广东环境保护工程职业学院,佛山市,
1956,广东青年职业学院,广州市,
1957,广州东华职业学院,广州市,
1958,广东创新科技职业学院,东莞市,
1959,广东舞蹈戏剧职业学院,广州市,
1960,惠州卫生职业技术学院,惠州市,
1961,广东信息工程职业学院,肇庆市,
1962,广东生态工程职业学院,广州市,
1963,惠州城市职业学院,惠州市,
1964,广东碧桂园职业学院,清远市,
1965,公安边防部队高等专科学校,广州市,
1966,广东茂名健康职业学院,茂名市,
1967,广东酒店管理职业技术学院,东莞市,
1968,广东茂名幼儿师范专科学校,茂名市,
1969,广州卫生职业技术学院,广州市,
1970,湛江幼儿师范专科学校,湛江市,
广西壮族自治区（73所）,,,
1971,广西大学,南宁市,
1972,广西科技大学,柳州市,
1973,桂林电子科技大学,桂林市,
1974,桂林理工大学,桂林市,
1975,广西医科大学,南宁市,
1976,右江民族医学院,百色市,
1977,广西中医药大学,南宁市,
1978,桂林医学院,桂林市,
1979,广西师范大学,桂林市,
1980,广西师范学院,南宁市,
1981,广西民族师范学院,崇左市,
1982,河池学院,河池市,
1983,玉林师范学院,玉林市,
1984,广西艺术学院,南宁市,
1985,广西民族大学,南宁市,
1986,百色学院,百色市,
1987,梧州学院,梧州市,
1988,广西科技师范学院,来宾市,
1989,广西财经学院,南宁市,
1990,南宁学院,南宁市,
1991,钦州学院,钦州市,
1992,桂林航天工业学院,桂林市,
1993,桂林旅游学院,桂林市,
1994,贺州学院,贺州市,
1995,广西警察学院,南宁市,
1996,北海艺术设计学院,北海市,
1997,广西大学行健文理学院,南宁市,
1998,广西科技大学鹿山学院,柳州市,
1999,广西民族大学相思湖学院,南宁市,
2000,广西师范大学漓江学院,桂林市,
2001,广西师范学院师园学院,南宁市,
2002,广西中医药大学赛恩斯新医药学院,南宁市,
2003,桂林电子科技大学信息科技学院,桂林市,
2004,桂林理工大学博文管理学院,桂林市,
2005,广西外国语学院,南宁市,
2006,北京航空航天大学北海学院,北海市,
2007,广西机电职业技术学院,南宁市,
2008,广西体育高等专科学校,南宁市,
2009,南宁职业技术学院,南宁市,
2010,广西水利电力职业技术学院,南宁市,
2011,桂林师范高等专科学校,桂林市,
2012,广西职业技术学院,南宁市,
2013,柳州职业技术学院,柳州市,
2014,广西生态工程职业技术学院,柳州市,
2015,广西交通职业技术学院,南宁市,
2016,广西工业职业技术学院,南宁市,
2017,广西国际商务职业技术学院,南宁市,
2018,广西农业职业技术学院,南宁市,
2019,柳州铁道职业技术学院,柳州市,
2020,广西建设职业技术学院,南宁市,
2021,广西现代职业技术学院,河池市,
2022,北海职业学院,北海市,
2023,桂林山水职业学院,桂林市,
2024,广西经贸职业技术学院,南宁市,
2025,广西工商职业技术学院,南宁市,
2026,广西演艺职业学院,南宁市,
2027,广西电力职业技术学院,南宁市,
2028,广西城市职业学院,崇左市,
2029,广西英华国际职业学院,钦州市,
2030,柳州城市职业学院,柳州市,
2031,百色职业学院,百色市,
2032,广西工程职业学院,百色市,
2033,广西理工职业技术学院,崇左市,
2034,梧州职业学院,梧州市,
2035,广西经济职业学院,南宁市,
2036,广西幼儿师范高等专科学校,南宁市,
2037,广西科技职业学院,崇左市,
2038,广西卫生职业技术学院,南宁市,
2039,广西培贤国际职业学院,百色市,
2040,广西金融职业技术学院,南宁市,
2041,广西中远职业学院,崇左市,
2042,玉柴职业技术学院,玉林市,
2043,广西蓝天航空职业学院,来宾市,
海南省（18所）,,,
2044,海南大学,海口市,
2045,海南热带海洋学院,三亚市,
2046,海南师范大学,海口市,
2047,海南医学院,海口市,
2048,海口经济学院,海口市,
2049,琼台师范学院,海口市,
2050,三亚学院,三亚市,
2051,海南职业技术学院,海口市,
2052,三亚城市职业学院,三亚市,
2053,海南软件职业技术学院,琼海市,
2054,海南政法职业学院,海口市,
2055,海南外国语职业学院,文昌市,
2056,海南经贸职业技术学院,海口市,
2057,海南工商职业学院,海口市,
2058,三亚航空旅游职业学院,三亚市,
2059,海南科技职业学院,海口市,
2060,三亚理工职业学院,三亚市,
2061,海南体育职业技术学院,海口市,
重庆市（65所）,,,
2062,重庆大学,重庆市,
2063,重庆邮电大学,重庆市,
2064,重庆交通大学,重庆市,
2065,重庆医科大学,重庆市,
2066,西南大学,重庆市,
2067,重庆师范大学,重庆市,
2068,重庆文理学院,重庆市,
2069,重庆三峡学院,重庆市,
2070,长江师范学院,重庆市,
2071,四川外国语大学,重庆市,
2072,西南政法大学,重庆市,
2073,四川美术学院,重庆市,
2074,重庆科技学院,重庆市,
2075,重庆理工大学,重庆市,
2076,重庆工商大学,重庆市,
2077,重庆工程学院,重庆市,
2078,重庆大学城市科技学院,重庆市,
2079,重庆警察学院,重庆市,
2080,重庆人文科技学院,重庆市,
2081,四川外国语大学重庆南方翻译学院,重庆市,
2082,重庆师范大学涉外商贸学院,重庆市,
2083,重庆工商大学融智学院,重庆市,
2084,重庆工商大学派斯学院,重庆市,
2085,重庆邮电大学移通学院,重庆市,
2086,重庆第二师范学院,重庆市,
2087,重庆航天职业技术学院,重庆市,
2088,重庆电力高等专科学校,重庆市,
2089,重庆工业职业技术学院,重庆市,
2090,重庆三峡职业学院,重庆市,
2091,重庆工贸职业技术学院,重庆市,
2092,重庆机电职业技术学院,重庆市,
2093,重庆电子工程职业学院,重庆市,
2094,重庆海联职业技术学院,重庆市,
2095,重庆信息技术职业学院,重庆市,
2096,重庆传媒职业学院,重庆市,
2097,重庆城市管理职业学院,重庆市,
2098,重庆工程职业技术学院,重庆市,
2099,重庆房地产职业学院,重庆市,
2100,重庆城市职业学院,重庆市,
2101,重庆水利电力职业技术学院,重庆市,
2102,重庆工商职业学院,重庆市,
2103,重庆应用技术职业学院,重庆市,
2104,重庆三峡医药高等专科学校,重庆市,
2105,重庆医药高等专科学校,重庆市,
2106,重庆青年职业技术学院,重庆市,
2107,重庆财经职业学院,重庆市,
2108,重庆科创职业学院,重庆市,
2109,重庆建筑工程职业学院,重庆市,
2110,重庆电讯职业学院,重庆市,
2111,重庆能源职业学院,重庆市,
2112,重庆商务职业学院,重庆市,
2113,重庆交通职业学院,重庆市,
2114,重庆化工职业学院,重庆市,
2115,重庆旅游职业学院,重庆市,
2116,重庆安全技术职业学院,重庆市,
2117,重庆公共运输职业学院,重庆市,
2118,重庆艺术工程职业学院,重庆市,
2119,重庆轻工职业学院,重庆市,
2120,重庆电信职业学院,重庆市,
2121,重庆经贸职业学院,重庆市,
2122,重庆幼儿师范高等专科学校,重庆市,
2123,重庆文化艺术职业学院,重庆市,
2124,重庆服装工程职业学院,重庆市,
2125,重庆资源与环境保护职业学院,重庆市,
2126,重庆护理职业学院,重庆市,
四川省（109所）,,,
2127,四川大学,成都市,
2128,西南交通大学,成都市,
2129,电子科技大学,成都市,
2130,西南石油大学,成都市,
2131,成都理工大学,成都市,
2132,西南科技大学,绵阳市,
2133,成都信息工程大学,成都市,
2134,四川理工学院,自贡市,
2135,西华大学,成都市,
2136,中国民用航空飞行学院,德阳市,
2137,四川农业大学,雅安市,
2138,西昌学院,凉山彝族自治州,
2139,西南医科大学,泸州市,
2140,成都中医药大学,成都市,
2141,川北医学院,南充市,
2142,四川师范大学,成都市,
2143,西华师范大学,南充市,
2144,绵阳师范学院,绵阳市,
2145,内江师范学院,内江市,
2146,宜宾学院,宜宾市,
2147,四川文理学院,达州市,
2148,阿坝师范学院,阿坝藏族羌族自治州,
2149,乐山师范学院,乐山市,
2150,西南财经大学,成都市,
2151,成都体育学院,成都市,
2152,四川音乐学院,成都市,
2153,西南民族大学,成都市,
2154,成都学院,成都市,
2155,成都工业学院,成都市,
2156,攀枝花学院,攀枝花市,
2157,四川旅游学院,成都市,
2158,四川民族学院,甘孜藏族自治州,
2159,四川警察学院,泸州市,
2160,成都东软学院,成都市,
2161,电子科技大学成都学院,成都市,
2162,成都理工大学工程技术学院,乐山市,
2163,四川传媒学院,成都市,
2164,成都信息工程大学银杏酒店管理学院,成都市,
2165,成都文理学院,成都市,
2166,四川工商学院,成都市,
2167,四川外国语大学成都学院,成都市,
2168,成都医学院,成都市,
2169,四川工业科技学院,德阳市,
2170,四川大学锦城学院,成都市,
2171,西南财经大学天府学院,绵阳市,
2172,四川大学锦江学院,眉山市,
2173,四川文化艺术学院,绵阳市,
2174,西南科技大学城市学院,绵阳市,
2175,西南交通大学希望学院,南充市,
2176,成都师范学院,成都市,
2177,四川电影电视学院,成都市,
2178,成都纺织高等专科学校,成都市,
2179,民办四川天一学院,成都市,
2180,成都航空职业技术学院,成都市,
2181,四川电力职业技术学院,成都市,
2182,成都职业技术学院,成都市,
2183,四川化工职业技术学院,泸州市,
2184,四川水利职业技术学院,成都市,
2185,南充职业技术学院,南充市,
2186,内江职业技术学院,内江市,
2187,四川航天职业技术学院,成都市,
2188,四川邮电职业技术学院,成都市,
2189,四川机电职业技术学院,攀枝花市,
2190,绵阳职业技术学院,绵阳市,
2191,四川交通职业技术学院,成都市,
2192,四川工商职业技术学院,成都市,
2193,四川工程职业技术学院,德阳市,
2194,四川建筑职业技术学院,德阳市,
2195,达州职业技术学院,达州市,
2196,四川托普信息技术职业学院,成都市,
2197,四川国际标榜职业学院,成都市,
2198,成都农业科技职业学院,成都市,
2199,宜宾职业技术学院,宜宾市,
2200,泸州职业技术学院,泸州市,
2201,眉山职业技术学院,眉山市,
2202,成都艺术职业学院,成都市,
2203,四川职业技术学院,遂宁市,
2204,乐山职业技术学院,乐山市,
2205,雅安职业技术学院,雅安市,
2206,四川商务职业学院,成都市,
2207,四川司法警官职业学院,德阳市,
2208,广安职业技术学院,广安市,
2209,四川信息职业技术学院,广元市,
2210,四川文化传媒职业学院,成都市,
2211,四川华新现代职业学院,成都市,
2212,四川管理职业学院,成都市,
2213,四川艺术职业学院,成都市,
2214,四川中医药高等专科学校,绵阳市,
2215,四川科技职业学院,成都市,
2216,四川文化产业职业学院,成都市,
2217,四川财经职业学院,成都市,
2218,四川城市职业学院,成都市,
2219,四川现代职业学院,成都市,
2220,四川幼儿师范高等专科学校,绵阳市,
2221,四川长江职业学院,成都市,
2222,四川三河职业学院,泸州市,
2223,川北幼儿师范高等专科学校,广元市,
2224,四川卫生康复职业学院,自贡市,
2225,四川汽车职业技术学院,绵阳市,
2226,巴中职业技术学院,巴中市,
2227,四川希望汽车职业学院,资阳市,
2228,四川电子机械职业技术学院,绵阳市,
2229,四川文轩职业学院,成都市,
2230,川南幼儿师范高等专科学校,内江市,
2231,四川护理职业学院,德阳市,
2232,成都工业职业技术学院,成都市,
2233,四川西南航空职业学院,成都市,
2234,成都工贸职业技术学院,成都市,
2235,四川应用技术职业学院,凉山州,
贵州省（64所）,,,
2236,贵州大学,贵阳市,
2237,贵州医科大学,贵阳市,
2238,遵义医学院,遵义市,
2239,贵阳中医学院,贵阳市,
2240,贵州师范大学,贵阳市,
2241,遵义师范学院,遵义市,
2242,铜仁学院,铜仁市,
2243,兴义民族师范学院,黔西南布依族苗族自治州,
2244,安顺学院,安顺市,
2245,贵州工程应用技术学院,毕节市,
2246,凯里学院,黔东南苗族侗族自治州,
2247,黔南民族师范学院,黔南布依族苗族自治州,
2248,贵州财经大学,贵阳市,
2249,贵州民族大学,贵阳市,
2250,贵阳学院,贵阳市,
2251,六盘水师范学院,六盘水市,
2252,贵州商学院,贵阳市,
2253,贵阳中医学院时珍学院,贵阳市,
2254,贵州财经大学商务学院,贵阳市,
2255,贵州大学科技学院,贵阳市,
2256,贵州大学明德学院,贵阳市,
2257,贵州民族大学人文科技学院,贵阳市,
2258,贵州师范大学求是学院,贵阳市,
2259,遵义医学院医学与科技学院,遵义市,
2260,贵州医科大学神奇民族医药学院,贵阳市,
2261,贵州师范学院,贵阳市,
2262,贵州理工学院,贵阳市,
2263,黔南民族医学高等专科学校,黔南布依族苗族自治州,
2264,贵州警官职业学院,贵阳市,
2265,贵州交通职业技术学院,贵阳市,
2266,贵州航天职业技术学院,遵义市,
2267,贵州电子信息职业技术学院,黔东南苗族侗族自治州,
2268,安顺职业技术学院,安顺市,
2269,黔东南民族职业技术学院,黔东南苗族侗族自治州,
2270,黔南民族职业技术学院,黔南布依族苗族自治州,
2271,遵义职业技术学院,遵义市,
2272,贵州城市职业学院,贵阳市,
2273,贵州工业职业技术学院,贵阳市,
2274,贵州电力职业技术学院,贵阳市,
2275,六盘水职业技术学院,六盘水市,
2276,铜仁职业技术学院,铜仁市,
2277,黔西南民族职业技术学院,黔西南布依族苗族自治州,
2278,贵州轻工职业技术学院,贵阳市,
2279,遵义医药高等专科学校,遵义市,
2280,贵阳护理职业学院,贵阳市,
2281,贵阳职业技术学院,贵阳市,
2282,毕节职业技术学院,毕节市,
2283,贵州职业技术学院,贵阳市,
2284,贵州盛华职业学院,黔南布依族苗族自治州,
2285,贵州工商职业学院,贵阳市,
2286,贵阳幼儿师范高等专科学校,贵阳市,
2287,铜仁幼儿师范高等专科学校,铜仁市,
2288,黔南民族幼儿师范高等专科学校,黔南布依族苗族自治州,
2289,毕节医学高等专科学校,毕节市,
2290,贵州建设职业技术学院,贵阳市,
2291,毕节幼儿师范高等专科学校,毕节市,
2292,贵州农业职业学院,贵阳市,
2293,贵州工程职业学院,铜仁市,
2294,贵州工贸职业学院,毕节市,
2295,贵州水利水电职业技术学院,贵阳市,
2296,贵州电子商务职业技术学院,贵阳市,
2297,贵州应用技术职业学院,黔南布依族苗族自治州,
2298,贵州电子科技职业学院,贵阳市,
2299,贵州航空职业技术学院,贵阳市,
云南省（72所）,,,
2300,云南大学,昆明市,
2301,昆明理工大学,昆明市,
2302,云南农业大学,昆明市,
2303,西南林业大学,昆明市,
2304,昆明医科大学,昆明市,
2305,大理大学,大理白族自治州,
2306,云南中医学院,昆明市,
2307,云南师范大学,昆明市,
2308,昭通学院,昭通市,
2309,曲靖师范学院,曲靖市,
2310,普洱学院,普洱市,
2311,保山学院,保山市,
2312,红河学院,红河哈尼族彝族自治州,
2313,云南财经大学,昆明市,
2314,云南艺术学院,昆明市,
2315,云南民族大学,昆明市,
2316,玉溪师范学院,玉溪市,
2317,楚雄师范学院,楚雄彝族自治州,
2318,云南警官学院,昆明市,
2319,昆明学院,昆明市,
2320,文山学院,文山壮族苗族自治州,
2321,云南经济管理学院,昆明市,
2322,云南大学滇池学院,昆明市,
2323,云南大学旅游文化学院,丽江市,
2324,昆明理工大学津桥学院,昆明市,
2325,云南师范大学商学院,昆明市,
2326,云南师范大学文理学院,昆明市,
2327,昆明医科大学海源学院,昆明市,
2328,云南艺术学院文华学院,昆明市,
2329,云南工商学院,昆明市,
2330,滇西科技师范学院,临沧市,
2331,昆明冶金高等专科学校,昆明市,
2332,云南国土资源职业学院,昆明市,
2333,云南交通职业技术学院,昆明市,
2334,昆明工业职业技术学院,昆明市,
2335,云南农业职业技术学院,昆明市,
2336,云南司法警官职业学院,昆明市,
2337,云南文化艺术职业学院,昆明市,
2338,云南体育运动职业技术学院,昆明市,
2339,云南科技信息职业学院,昆明市,
2340,西双版纳职业技术学院,西双版纳傣族自治州,
2341,昆明艺术职业学院,昆明市,
2342,玉溪农业职业技术学院,玉溪市,
2343,云南能源职业技术学院,曲靖市,
2344,云南国防工业职业技术学院,昆明市,
2345,云南机电职业技术学院,昆明市,
2346,云南林业职业技术学院,昆明市,
2347,云南城市建设职业学院,昆明市,
2348,云南工程职业学院,昆明市,
2349,曲靖医学高等专科学校,曲靖市,
2350,楚雄医药高等专科学校,楚雄彝族自治州,
2351,保山中医药高等专科学校,保山市,
2352,丽江师范高等专科学校,丽江市,
2353,德宏师范高等专科学校,德宏傣族景颇族自治州,
2354,云南新兴职业学院,昆明市,
2355,云南锡业职业技术学院,红河哈尼族彝族自治州,
2356,云南经贸外事职业学院,昆明市,
2357,云南三鑫职业技术学院,文山壮族苗族自治州,
2358,德宏职业学院,德宏傣族景颇族自治州,
2359,云南商务职业学院,昆明市,
2360,昆明卫生职业学院,昆明市,
2361,云南现代职业技术学院,楚雄彝族自治州,
2362,云南旅游职业学院,昆明市,
2363,红河卫生职业学院,红河哈尼族彝族自治州,
2364,云南外事外语职业学院,昆明市,
2365,大理农林职业技术学院,大理白族自治州,
2366,公安消防部队高等专科学校,昆明市,
2367,云南财经职业学院,昆明市,
2368,昆明铁道职业技术学院,昆明市,
2369,昭通卫生职业学院,昭通市,
2370,大理护理职业学院,大理白族自治州,
2371,云南水利水电职业学院,昆明市,
西藏自治区（6所）,,,
2372,西藏大学,拉萨市,
2373,西藏民族大学,咸阳市,
2374,西藏藏医学院,拉萨市,
2375,西藏警官高等专科学校,拉萨市,
2376,拉萨师范高等专科学校,拉萨市,
2377,西藏职业技术学院,拉萨市,
陕西省（93所）,,,
2378,西北大学,西安市,
2379,西安交通大学,西安市,
2380,西北工业大学,西安市,
2381,西安理工大学,西安市,
2382,西安电子科技大学,西安市,
2383,西安工业大学,西安市,
2384,西安建筑科技大学,西安市,
2385,西安科技大学,西安市,
2386,西安石油大学,西安市,
2387,陕西科技大学,西安市,
2388,西安工程大学,西安市,
2389,长安大学,西安市,
2390,西北农林科技大学,咸阳市,
2391,陕西中医药大学,咸阳市,
2392,陕西师范大学,西安市,
2393,延安大学,延安市,
2394,陕西理工学院,汉中市,
2395,宝鸡文理学院,宝鸡市,
2396,咸阳师范学院,咸阳市,
2397,渭南师范学院,渭南市,
2398,西安外国语大学,西安市,
2399,西北政法大学,西安市,
2400,西安体育学院,西安市,
2401,西安音乐学院,西安市,
2402,西安美术学院,西安市,
2403,西安文理学院,西安市,
2404,榆林学院,榆林市,
2405,商洛学院,商洛市,
2406,安康学院,安康市,
2407,西安培华学院,西安市,
2408,西安财经学院,西安市,
2409,西安邮电大学,西安市,
2410,西安航空学院,西安市,
2411,西安医学院,西安市,
2412,西安欧亚学院,西安市,
2413,西安外事学院,西安市,
2414,西安翻译学院,西安市,
2415,西京学院,西安市,
2416,西安思源学院,西安市,
2417,陕西国际商贸学院,咸阳市,
2418,陕西服装工程学院,咸阳市,
2419,西安交通工程学院,西安市,
2420,西安交通大学城市学院,西安市,
2421,西北大学现代学院,西安市,
2422,西安建筑科技大学华清学院,西安市,
2423,西安财经学院行知学院,西安市,
2424,陕西科技大学镐京学院,咸阳市,
2425,西安工业大学北方信息工程学院,西安市,
2426,延安大学西安创新学院,西安市,
2427,西安电子科技大学长安学院,西安市,
2428,西北工业大学明德学院,西安市,
2429,长安大学兴华学院,西安市,
2430,西安理工大学高科学院,西安市,
2431,西安科技大学高新学院,西安市,
2432,陕西学前师范学院,西安市,
2433,陕西工业职业技术学院,咸阳市,
2434,杨凌职业技术学院,咸阳市,
2435,西安电力高等专科学校,西安市,
2436,陕西能源职业技术学院,咸阳市,
2437,陕西国防工业职业技术学院,西安市,
2438,西安航空职业技术学院,西安市,
2439,陕西财经职业技术学院,咸阳市,
2440,陕西交通职业技术学院,西安市,
2441,陕西职业技术学院,西安市,
2442,西安高新科技职业学院,西安市,
2443,西安城市建设职业学院,西安市,
2444,陕西铁路工程职业技术学院,渭南市,
2445,宝鸡职业技术学院,宝鸡市,
2446,陕西航空职业技术学院,汉中市,
2447,陕西电子信息职业技术学院,西安市,
2448,陕西邮电职业技术学院,咸阳市,
2449,西安海棠职业学院,西安市,
2450,西安汽车科技职业学院,西安市,
2451,西安东方亚太职业技术学院,西安市,
2452,陕西警官职业学院,西安市,
2453,陕西经济管理职业技术学院,西安市,
2454,西安铁路职业技术学院,西安市,
2455,咸阳职业技术学院,咸阳市,
2456,西安职业技术学院,西安市,
2457,商洛职业技术学院,商洛市,
2458,汉中职业技术学院,汉中市,
2459,延安职业技术学院,延安市,
2460,渭南职业技术学院,渭南市,
2461,安康职业技术学院,安康市,
2462,铜川职业技术学院,铜川市,
2463,陕西青年职业学院,西安市,
2464,陕西工商职业学院,西安市,
2465,陕西电子科技职业学院,西安市,
2466,陕西旅游烹饪职业学院,西安市,
2467,西安医学高等专科学校,西安市,
2468,榆林职业技术学院,榆林市,
2469,陕西艺术职业学院,西安市,
2470,陕西机电职业技术学院,宝鸡市,
甘肃省（49所）,,,
2471,兰州大学,兰州市,
2472,兰州理工大学,兰州市,
2473,兰州交通大学,兰州市,
2474,甘肃农业大学,兰州市,
2475,甘肃中医药大学,兰州市,
2476,西北师范大学,兰州市,
2477,兰州城市学院,兰州市,
2478,陇东学院,庆阳市,
2479,天水师范学院,天水市,
2480,河西学院,张掖市,
2481,兰州财经大学,兰州市,
2482,西北民族大学,兰州市,
2483,甘肃政法学院,兰州市,
2484,甘肃民族师范学院,甘南藏族自治州,
2485,兰州文理学院,兰州市,
2486,甘肃医学院,平凉市,
2487,兰州工业学院,兰州市,
2488,西北师范大学知行学院,兰州市,
2489,兰州财经大学陇桥学院,兰州市,
2490,兰州财经大学长青学院,兰州市,
2491,兰州交通大学博文学院,兰州市,
2492,兰州理工大学技术工程学院,兰州市,
2493,兰州石化职业技术学院,兰州市,
2494,陇南师范高等专科学校,陇南市,
2495,定西师范高等专科学校,定西市,
2496,甘肃建筑职业技术学院,兰州市,
2497,酒泉职业技术学院,酒泉市,
2498,兰州外语职业学院,兰州市,
2499,兰州职业技术学院,兰州市,
2500,甘肃警察职业学院,兰州市,
2501,甘肃林业职业技术学院,天水市,
2502,甘肃工业职业技术学院,天水市,
2503,武威职业学院,武威市,
2504,甘肃交通职业技术学院,兰州市,
2505,兰州资源环境职业技术学院,兰州市,
2506,甘肃农业职业技术学院,兰州市,
2507,甘肃畜牧工程职业技术学院,武威市,
2508,甘肃钢铁职业技术学院,嘉峪关市,
2509,甘肃机电职业技术学院,天水市,
2510,甘肃有色冶金职业技术学院,金昌市,
2511,白银矿冶职业技术学院,白银市,
2512,甘肃卫生职业学院,兰州市,
2513,兰州科技职业学院,兰州市,
2514,庆阳职业技术学院,庆阳市,
2515,临夏现代职业学院,临夏州,
2516,甘肃能源化工职业学院,兰州市,
2517,兰州现代职业学院,兰州市,
2518,平凉职业技术学院,平凉市,
2519,甘肃财贸职业学院,兰州市,
青海省（12所）,,,
2520,青海大学,西宁市,
2521,青海师范大学,西宁市,
2522,青海民族大学,西宁市,
2523,青海大学昆仑学院,西宁市,
2524,青海卫生职业技术学院,西宁市,
2525,青海警官职业学院,西宁市,
2526,青海畜牧兽医职业技术学院,西宁市,
2527,青海交通职业技术学院,西宁市,
2528,青海建筑职业技术学院,西宁市,
2529,西宁城市职业技术学院,西宁市,
2530,青海高等职业技术学院,海东市,
2531,青海柴达木职业技术学院,海西蒙古族藏族自治州,
宁夏回族自治区（18所）,,,
2532,宁夏大学,银川市,
2533,宁夏医科大学,银川市,
2534,宁夏师范学院,固原市,
2535,北方民族大学,银川市,
2536,宁夏理工学院,石嘴山市,
2537,宁夏大学新华学院,银川市,
2538,银川能源学院,银川市,
2539,中国矿业大学银川学院,银川市,
2540,宁夏民族职业技术学院,吴忠市,
2541,宁夏工业职业学院,银川市,
2542,宁夏职业技术学院,银川市,
2543,宁夏工商职业技术学院,银川市,
2544,宁夏财经职业技术学院,银川市,
2545,宁夏司法警官职业学院,银川市,
2546,宁夏建设职业技术学院,银川市,
2547,宁夏葡萄酒与防沙治沙职业技术学院,银川市,
2548,宁夏幼儿师范高等专科学校,银川市,
2549,宁夏艺术职业学院,银川市,
新疆维吾尔自治区（46所）,,,
2550,新疆大学,乌鲁木齐市,
2551,塔里木大学,阿拉尔市,
2552,新疆农业大学,乌鲁木齐市,
2553,石河子大学,石河子市,
2554,新疆医科大学,乌鲁木齐市,
2555,新疆师范大学,乌鲁木齐市,
2556,喀什大学,喀什地区,
2557,伊犁师范学院,伊犁哈萨克自治州,
2558,新疆财经大学,乌鲁木齐市,
2559,新疆艺术学院,乌鲁木齐市,
2560,新疆工程学院,乌鲁木齐市,
2561,昌吉学院,昌吉回族自治州,
2562,新疆警察学院,乌鲁木齐市,
2563,新疆大学科学技术学院,乌鲁木齐市,
2564,新疆农业大学科学技术学院,乌鲁木齐市,
2565,新疆医科大学厚博学院,乌鲁木齐市,
2566,新疆财经大学商务学院,乌鲁木齐市,
2567,石河子大学科技学院,石河子市,
2568,和田师范专科学校,和田地区,
2569,新疆农业职业技术学院,昌吉回族自治州,
2570,乌鲁木齐职业大学,乌鲁木齐市,
2571,新疆维吾尔医学专科学校,和田地区,
2572,克拉玛依职业技术学院,克拉玛依市,
2573,新疆机电职业技术学院,乌鲁木齐市,
2574,新疆轻工职业技术学院,乌鲁木齐市,
2575,新疆能源职业技术学院,乌鲁木齐市,
2576,昌吉职业技术学院,昌吉回族自治州,
2577,伊犁职业技术学院,伊犁哈萨克自治州,
2578,阿克苏职业技术学院,阿克苏地区,
2579,巴音郭楞职业技术学院,巴音郭楞蒙古自治州,
2580,新疆建设职业技术学院,乌鲁木齐市,
2581,新疆兵团警官高等专科学校,五家渠市,
2582,新疆现代职业技术学院,乌鲁木齐市,
2583,新疆天山职业技术学院,乌鲁木齐市,
2584,新疆交通职业技术学院,乌鲁木齐市,
2585,新疆石河子职业技术学院,石河子市,
2586,新疆职业大学,乌鲁木齐市,
2587,新疆体育职业技术学院,乌鲁木齐市,
2588,新疆应用职业技术学院,伊犁哈萨克自治州,
2589,新疆师范高等专科学校,乌鲁木齐市,
2590,新疆铁道职业技术学院,乌鲁木齐市,
2591,新疆生产建设兵团兴新职业技术学院,乌鲁木齐市,
2592,哈密职业技术学院,哈密市,
2593,新疆科技职业技术学院,乌鲁木齐市,
2594,吐鲁番职业技术学院,吐鲁番市,
2595,新疆工业职业技术学院,乌鲁木齐市,
,,,
,,,
,,,
,,,
