id,sub,sub_code,college
0,0101,哲学,中国人民大学
1,0101,哲学,复旦大学
2,010101,马克思主义哲学,北京师范大学
3,010101,马克思主义哲学,南开大学
4,010101,马克思主义哲学,吉林大学
5,010101,马克思主义哲学,南京大学
6,010101,马克思主义哲学,武汉大学
7,010101,马克思主义哲学,中山大学
8,010101,马克思主义哲学,中共中央党校
9,010102,中国哲学,武汉大学
10,010104,逻辑学,中山大学
11,010105,伦理学,湖南师范大学
12,010107,宗教学,四川大学
13,010108,科学技术哲学,山西大学
14,010108,科学技术哲学,东北大学
15,0201,理论经济学,北京大学
16,0201,理论经济学,中国人民大学
17,0201,理论经济学,南开大学
18,0201,理论经济学,复旦大学
19,0201,理论经济学,厦门大学
20,0201,理论经济学,武汉大学
21,020101,政治经济学,南京大学
22,020101,政治经济学,四川大学
23,020101,政治经济学,西南财经大学
24,020101,政治经济学,西北大学
25,020102,经济思想史,上海财经大学
26,020104,西方经济学,华中科技大学
27,020105,世界经济,辽宁大学
28,0202,应用经济学,中国人民大学
29,0202,应用经济学,中央财经大学
30,0202,应用经济学,南开大学
31,0202,应用经济学,厦门大学
32,020201,国民经济学,北京大学
33,020201,国民经济学,辽宁大学
34,020202,区域经济学,兰州大学
35,020203,财政学,东北财经大学
36,020203,财政学,上海财经大学
37,020203,财政学,中南财经政法大学
38,020204,金融学,辽宁大学
39,020204,金融学,复旦大学
40,020204,金融学,武汉大学
41,020204,金融学,中南财经政法大学
42,020204,金融学,暨南大学
43,020204,金融学,西南财经大学
44,020205,产业经济学,北京交通大学
45,020205,产业经济学,东北财经大学
46,020205,产业经济学,复旦大学
47,020205,产业经济学,山东大学
48,020205,产业经济学,暨南大学
49,020205,产业经济学,西安交通大学
50,020206,国际贸易学,对外经济贸易大学
51,020206,国际贸易学,湖南大学
52,020207,劳动经济学,首都经济贸易大学
53,020208,统计学,天津财经大学
54,020208,统计学,西南财经大学
55,020209,数量经济学,清华大学
56,020209,数量经济学,吉林大学
57,020209,数量经济学,华侨大学
58,020210,国防经济,国防大学
59,020210,国防经济,军事经济学院
60,0301,法学,北京大学
61,0301,法学,中国人民大学
62,0301,法学,中国政法大学
63,030101,法学理论,吉林大学
64,030102,法律史,华东政法大学
65,030103,宪法学与行政法学,浙江大学
66,030104,刑法学,吉林大学
67,030105,民商法学,中南财经政法大学
68,030106,诉讼法学,西南政法大学
69,030107,经济法学,西南政法大学
70,030108,环境与资源保护法学,武汉大学
71,030109,国际法学,对外经济贸易大学
72,030109,国际法学,厦门大学
73,030109,国际法学,武汉大学
74,0302,政治学,北京大学
75,030201,政治学理论,南开大学
76,030201,政治学理论,天津师范大学
77,030201,政治学理论,吉林大学
78,030201,政治学理论,复旦大学
79,030202,中外政治制度,华中师范大学
80,030203,科学社会主义与国际共产主义运动,山东大学
81,030203,科学社会主义与国际共产主义运动,华中师范大学
82,030203,科学社会主义与国际共产主义运动,中共中央党校
83,030204,中共党史,中国人民大学
84,030204,中共党史,中共中央党校
85,030206,国际政治,中国人民大学
86,030207,国际关系,复旦大学
87,0303,社会学,北京大学
88,0303,社会学,中国人民大学
89,0303,社会学,上海大学
90,0303,社会学,南京大学
91,030303,人类学,中山大学
92,030304,民俗学,北京师范大学
93,0304,民族学,中央民族大学
94,0304,民族学,云南大学
95,0304,民族学,兰州大学
96,0401,教育学,北京师范大学
97,0401,教育学,华东师范大学
98,040101,教育学原理,东北师范大学
99,040101,教育学原理,南京师范大学
100,040101,教育学原理,华中师范大学
101,040102,课程与教学论,西南大学
102,040103,教育史,浙江大学
103,040105,学前教育学,南京师范大学
104,040106,高等教育学,厦门大学
105,040106,高等教育学,华中科技大学
106,040110,教育技术学,华南师范大学
107,0402,心理学,北京师范大学
108,040201,基础心理学,北京大学
109,040201,基础心理学,华东师范大学
110,040201,基础心理学,西南大学
111,040202,发展与教育心理学,天津师范大学
112,040202,发展与教育心理学,华南师范大学
113,040203,应用心理学,浙江大学
114,0403,体育学,北京体育大学
115,0501,中国语言文学,北京大学
116,0501,中国语言文学,北京师范大学
117,0501,中国语言文学,复旦大学
118,0501,中国语言文学,南京大学
119,0501,中国语言文学,四川大学
120,050102,语言学及应用语言学,北京语言大学
121,050103,汉语言文字学,安徽大学
122,050103,汉语言文字学,华中师范大学
123,050104,中国古典文献学,浙江大学
124,050105,中国古代文学,首都师范大学
125,050105,中国古代文学,南开大学
126,050105,中国古代文学,华东师范大学
127,050105,中国古代文学,中山大学
128,050105,中国古代文学,陕西师范大学
129,050106,中国现当代文学,南京师范大学
130,050106,中国现当代文学,福建师范大学
131,050106,中国现当代文学,山东师范大学
132,050106,中国现当代文学,武汉大学
133,050107,中国少数民族语言文学,中央民族大学
134,050107,中国少数民族语言文学,内蒙古大学
135,050107,中国少数民族语言文学,新疆大学
136,050108,比较文学与世界文学,上海师范大学
137,050201,英语语言文学,北京大学
138,050201,英语语言文学,北京外国语大学
139,050201,英语语言文学,上海外国语大学
140,050201,英语语言文学,南京大学
141,050201,英语语言文学,湖南师范大学
142,050201,英语语言文学,中山大学
143,050201,英语语言文学,解放军外国语学院
144,050202,俄语语言文学,黑龙江大学
145,050202,俄语语言文学,上海外国语大学
146,050202,俄语语言文学,解放军外国语学院
147,050204,德语语言文学,北京外国语大学
148,050206,印度语言文学,北京大学
149,050210,亚非语言文学,延边大学
150,050211,外国语言学及应用语言学,北京外国语大学
151,050211,外国语言学及应用语言学,广东外语外贸大学
152,0503,新闻传播学,中国人民大学
153,0503,新闻传播学,复旦大学
154,050301,新闻学,中国传媒大学
155,050401,艺术学,东南大学
156,050402,音乐学,中央音乐学院
157,050402,音乐学,上海音乐学院
158,050403,美术学,中国美术学院
159,050403,美术学,中央美术学院
160,050404,设计艺术学,清华大学
161,050405,戏剧戏曲学,中央戏剧学院
162,050405,戏剧戏曲学,上海戏剧学院
163,050407,广播电视艺术学,中国传媒大学
164,0601,历史学,北京大学
165,0601,历史学,南开大学
166,060101,史学理论及史学史,北京师范大学
167,060102,考古学及博物馆学,吉林大学
168,060103,历史地理学,复旦大学
169,060103,历史地理学,陕西师范大学
170,060104,历史文献学,四川大学
171,060105,专门史,清华大学
172,060105,专门史,厦门大学
173,060105,专门史,四川大学
174,060105,专门史,云南大学
175,060105,专门史,西北大学
176,060106,中国古代史,中国人民大学
177,060106,中国古代史,北京师范大学
178,060106,中国古代史,山东大学
179,060106,中国古代史,武汉大学
180,060106,中国古代史,中山大学
181,060106,中国古代史,陕西师范大学
182,060107,中国近现代史,中国人民大学
183,060107,中国近现代史,复旦大学
184,060107,中国近现代史,华中师范大学
185,060107,中国近现代史,湖南师范大学
186,060107,中国近现代史,中山大学
187,060108,世界史,首都师范大学
188,060108,世界史,东北师范大学
189,060108,世界史,南京大学
190,060108,世界史,武汉大学
191,0701,数学,北京大学
192,0701,数学,清华大学
193,0701,数学,北京师范大学
194,0701,数学,南开大学
195,0701,数学,吉林大学
196,0701,数学,复旦大学
197,0701,数学,南京大学
198,0701,数学,浙江大学
199,0701,数学,中国科学技术大学
200,0701,数学,山东大学
201,0701,数学,四川大学
202,070101,基础数学,首都师范大学
203,070101,基础数学,华东师范大学
204,070101,基础数学,厦门大学
205,070101,基础数学,武汉大学
206,070101,基础数学,中山大学
207,070102,计算数学,大连理工大学
208,070102,计算数学,湘潭大学
209,070102,计算数学,西安交通大学
210,070103,概率论与数理统计,中南大学
211,070104,应用数学,新疆大学
212,0702,物理学,北京大学
213,0702,物理学,清华大学
214,0702,物理学,复旦大学
215,0702,物理学,南京大学
216,0702,物理学,中国科学技术大学
217,070201,理论物理,北京师范大学
218,070201,理论物理,浙江大学
219,070201,理论物理,华中师范大学
220,070201,理论物理,湖南师范大学
221,070202,粒子物理与原子核物理,山东大学
222,070202,粒子物理与原子核物理,兰州大学
223,070203,原子与分子物理,吉林大学
224,070203,原子与分子物理,四川大学
225,070203,原子与分子物理,国防科学技术大学
226,070204,等离子体物理,大连理工大学
227,070205,凝聚态物理,吉林大学
228,070205,凝聚态物理,上海交通大学
229,070205,凝聚态物理,浙江大学
230,070205,凝聚态物理,厦门大学
231,070205,凝聚态物理,山东大学
232,070205,凝聚态物理,郑州大学
233,070205,凝聚态物理,武汉大学
234,070205,凝聚态物理,中山大学
235,070207,光学,北京工业大学
236,070207,光学,南开大学
237,070207,光学,山西大学
238,070207,光学,哈尔滨工业大学
239,070207,光学,上海交通大学
240,070207,光学,华东师范大学
241,070207,光学,华南师范大学
242,070208,无线电物理,武汉大学
243,0703,化学,北京大学
244,0703,化学,南开大学
245,0703,化学,吉林大学
246,0703,化学,复旦大学
247,0703,化学,南京大学
248,0703,化学,浙江大学
249,0703,化学,中国科学技术大学
250,0703,化学,厦门大学
251,070301,无机化学,中山大学
252,070302,分析化学,清华大学
253,070302,分析化学,武汉大学
254,070302,分析化学,湖南大学
255,070303,有机化学,四川大学
256,070303,有机化学,兰州大学
257,070304,物理化学,北京师范大学
258,070304,物理化学,福州大学
259,070304,物理化学,山东大学
260,070305,高分子化学与物理,中山大学
261,0704,天文学,南京大学
262,070401,天体物理,北京大学
263,070401,天体物理,中国科学技术大学
264,0705,地理学,北京大学
265,0705,地理学,北京师范大学
266,0705,地理学,华东师范大学
267,070501,自然地理学,南京大学
268,070501,自然地理学,兰州大学
269,070502,人文地理学,中山大学
270,070503,地图学与地理信息系统,南京师范大学
271,070503,地图学与地理信息系统,武汉大学
272,0706,大气科学,北京大学
273,070601,气象学,南京大学
274,070601,气象学,南京信息工程大学
275,0707,海洋科学,厦门大学
276,0707,海洋科学,中国海洋大学
277,070704,海洋地质,同济大学
278,0708,地球物理学,中国科学技术大学
279,070801,固体地球物理学,北京大学
280,0709,地质学,南京大学
281,0709,地质学,中国地质大学
282,0709,地质学,西北大学
283,070902,地球化学,中国科学技术大学
284,070904,构造地质学,北京大学
285,0710,生物学,北京大学
286,0710,生物学,清华大学
287,0710,生物学,复旦大学
288,0710,生物学,南京大学
289,0710,生物学,中国科学技术大学
290,0710,生物学,武汉大学
291,0710,生物学,中山大学
292,071001,植物学,中国农业大学
293,071001,植物学,北京林业大学
294,071001,植物学,首都师范大学
295,071001,植物学,东北林业大学
296,071001,植物学,浙江大学
297,071001,植物学,四川大学
298,071001,植物学,西北大学
299,071001,植物学,兰州大学
300,071002,动物学,南开大学
301,071002,动物学,内蒙古大学
302,071002,动物学,南京师范大学
303,071002,动物学,厦门大学
304,071003,生理学,山西医科大学
305,071003,生理学,西安交通大学
306,071003,生理学,第二军医大学
307,071004,水生生物学,厦门大学
308,071004,水生生物学,暨南大学
309,071005,微生物学,中国农业大学
310,071005,微生物学,南开大学
311,071005,微生物学,山东大学
312,071005,微生物学,华中农业大学
313,071005,微生物学,云南大学
314,071006,神经生物学,首都医科大学
315,071006,神经生物学,第四军医大学
316,071007,遗传学,上海交通大学
317,071007,遗传学,中南大学
318,071007,遗传学,四川大学
319,071007,遗传学,第二军医大学
320,071008,发育生物学,湖南师范大学
321,071009,细胞生物学,北京师范大学
322,071009,细胞生物学,河北师范大学
323,071009,细胞生物学,东北师范大学
324,071009,细胞生物学,厦门大学
325,071009,细胞生物学,第四军医大学
326,071010,生物化学与分子生物学,中国农业大学
327,071010,生物化学与分子生物学,吉林大学
328,071010,生物化学与分子生物学,上海交通大学
329,071010,生物化学与分子生物学,华中农业大学
330,071010,生物化学与分子生物学,第四军医大学
331,071011,生物物理学,浙江大学
332,071011,生物物理学,华中科技大学
333,071012,生态学,北京师范大学
334,071012,生态学,东北师范大学
335,071012,生态学,东北林业大学
336,071012,生态学,华东师范大学
337,071012,生态学,南京林业大学
338,071012,生态学,浙江大学
339,071012,生态学,云南大学
340,071012,生态学,兰州大学
341,071101,系统理论,北京师范大学
342,071200,科学技术史,北京科技大学
343,071200,科学技术史,中国科学技术大学
344,0801,力学,北京大学
345,0801,力学,清华大学
346,0801,力学,北京航空航天大学
347,0801,力学,大连理工大学
348,0801,力学,哈尔滨工业大学
349,0801,力学,上海交通大学
350,0801,力学,南京航空航天大学
351,0801,力学,中国科学技术大学
352,080101,一般力学与力学基础,湘潭大学
353,080102,固体力学,浙江大学
354,080102,固体力学,四川大学
355,080102,固体力学,西安交通大学
356,080102,固体力学,西北工业大学
357,080102,固体力学,兰州大学
358,080103,流体力学,天津大学
359,080103,流体力学,上海大学
360,080104,工程力学,北京理工大学
361,080104,工程力学,同济大学
362,080104,工程力学,中国矿业大学
363,080104,工程力学,河海大学
364,0802,机械工程,清华大学
365,0802,机械工程,北京航空航天大学
366,0802,机械工程,北京理工大学
367,0802,机械工程,吉林大学
368,0802,机械工程,哈尔滨工业大学
369,0802,机械工程,燕山大学
370,0802,机械工程,上海交通大学
371,0802,机械工程,浙江大学
372,0802,机械工程,华中科技大学
373,0802,机械工程,湖南大学
374,0802,机械工程,中南大学
375,0802,机械工程,重庆大学
376,0802,机械工程,西南交通大学
377,0802,机械工程,西安交通大学
378,080201,机械制造及其自动化,大连理工大学
379,080201,机械制造及其自动化,南京航空航天大学
380,080201,机械制造及其自动化,山东大学
381,080201,机械制造及其自动化,武汉理工大学
382,080202,机械电子工程,上海大学
383,080202,机械电子工程,西北工业大学
384,080202,机械电子工程,国防科学技术大学
385,080203,机械设计及理论,北京科技大学
386,080203,机械设计及理论,天津大学
387,080203,机械设计及理论,东北大学
388,080203,机械设计及理论,同济大学
389,080203,机械设计及理论,中国矿业大学
390,080203,机械设计及理论,合肥工业大学
391,0803,光学工程,清华大学
392,0803,光学工程,北京理工大学
393,0803,光学工程,南开大学
394,0803,光学工程,天津大学
395,0803,光学工程,长春理工大学
396,0803,光学工程,南京理工大学
397,0803,光学工程,浙江大学
398,0803,光学工程,华中科技大学
399,0803,光学工程,国防科学技术大学
400,0804,仪器科学与技术,北京航空航天大学
401,0804,仪器科学与技术,天津大学
402,0804,仪器科学与技术,哈尔滨工业大学
403,080401,精密仪器及机械,清华大学
404,080401,精密仪器及机械,重庆大学
405,0805,材料科学与工程,清华大学
406,0805,材料科学与工程,北京航空航天大学
407,0805,材料科学与工程,北京科技大学
408,0805,材料科学与工程,天津大学
409,0805,材料科学与工程,东北大学
410,0805,材料科学与工程,哈尔滨工业大学
411,0805,材料科学与工程,上海交通大学
412,0805,材料科学与工程,浙江大学
413,0805,材料科学与工程,山东大学
414,0805,材料科学与工程,华中科技大学
415,0805,材料科学与工程,武汉理工大学
416,0805,材料科学与工程,中南大学
417,0805,材料科学与工程,华南理工大学
418,0805,材料科学与工程,四川大学
419,0805,材料科学与工程,西安交通大学
420,0805,材料科学与工程,西北工业大学
421,080501,材料物理与化学,河北工业大学
422,080501,材料物理与化学,南京大学
423,080501,材料物理与化学,南昌大学
424,080502,材料学,北京工业大学
425,080502,材料学,北京化工大学
426,080502,材料学,燕山大学
427,080502,材料学,同济大学
428,080502,材料学,东华大学
429,080502,材料学,南京理工大学
430,080502,材料学,重庆大学
431,080503,材料加工工程,太原理工大学
432,080503,材料加工工程,吉林大学
433,080503,材料加工工程,郑州大学
434,080601,冶金工程,北京科技大学
435,080601,冶金工程,东北大学
436,080602,钢铁冶金,上海大学
437,080603,有色金属冶金,中南大学
438,080603,有色金属冶金,昆明理工大学
439,0807,动力工程及工程热物理,清华大学
440,0807,动力工程及工程热物理,哈尔滨工业大学
441,0807,动力工程及工程热物理,上海交通大学
442,0807,动力工程及工程热物理,浙江大学
443,0807,动力工程及工程热物理,华中科技大学
444,0807,动力工程及工程热物理,西安交通大学
445,080701,工程热物理,重庆大学
446,080702,热能工程,北京科技大学
447,080702,热能工程,华北电力大学
448,080702,热能工程,东南大学
449,080703,动力机械及工程,北京理工大学
450,080703,动力机械及工程,天津大学
451,080704,流体机械及工程,江苏大学
452,080706,化工过程机械,北京化工大学
453,080706,化工过程机械,华东理工大学
454,0808,电气工程,清华大学
455,0808,电气工程,浙江大学
456,0808,电气工程,华中科技大学
457,0808,电气工程,重庆大学
458,0808,电气工程,西安交通大学
459,080801,电机与电器,河北工业大学
460,080801,电机与电器,沈阳工业大学
461,080801,电机与电器,哈尔滨工业大学
462,080802,电力系统及其自动化,天津大学
463,080802,电力系统及其自动化,华北电力大学
464,080802,电力系统及其自动化,西南交通大学
465,080802,电力系统及其自动化,海军工程大学
466,080803,高电压与绝缘技术,哈尔滨理工大学
467,080804,电力电子与电力传动,中国矿业大学
468,080804,电力电子与电力传动,合肥工业大学
469,0809,电子科学与技术,北京大学
470,0809,电子科学与技术,清华大学
471,0809,电子科学与技术,北京邮电大学
472,0809,电子科学与技术,复旦大学
473,0809,电子科学与技术,东南大学
474,0809,电子科学与技术,电子科技大学
475,0809,电子科学与技术,西安电子科技大学
476,080901,物理电子学,北京理工大学
477,080901,物理电子学,哈尔滨工业大学
478,080902,电路与系统,西北工业大学
479,080903,微电子学与固体电子学,天津大学
480,080903,微电子学与固体电子学,吉林大学
481,080903,微电子学与固体电子学,南京大学
482,080903,微电子学与固体电子学,华中科技大学
483,080903,微电子学与固体电子学,西安交通大学
484,080904,电磁场与微波技术,北京航空航天大学
485,080904,电磁场与微波技术,上海交通大学
486,080904,电磁场与微波技术,南京理工大学
487,0810,信息与通信工程,清华大学
488,0810,信息与通信工程,北京交通大学
489,0810,信息与通信工程,北京理工大学
490,0810,信息与通信工程,北京邮电大学
491,0810,信息与通信工程,东南大学
492,0810,信息与通信工程,电子科技大学
493,0810,信息与通信工程,西安电子科技大学
494,0810,信息与通信工程,国防科学技术大学
495,081001,通信与信息系统,北京大学
496,081001,通信与信息系统,北京航空航天大学
497,081001,通信与信息系统,天津大学
498,081001,通信与信息系统,哈尔滨工业大学
499,081001,通信与信息系统,上海交通大学
500,081001,通信与信息系统,浙江大学
501,081001,通信与信息系统,中国科学技术大学
502,081001,通信与信息系统,华南理工大学
503,081001,通信与信息系统,解放军信息工程大学
504,081001,通信与信息系统,解放军理工大学
505,0811,控制科学与工程,清华大学
506,0811,控制科学与工程,北京航空航天大学
507,0811,控制科学与工程,东北大学
508,0811,控制科学与工程,哈尔滨工业大学
509,0811,控制科学与工程,上海交通大学
510,0811,控制科学与工程,浙江大学
511,0811,控制科学与工程,华中科技大学
512,0811,控制科学与工程,西安交通大学
513,0811,控制科学与工程,国防科学技术大学
514,081101,控制理论与控制工程,北京理工大学
515,081101,控制理论与控制工程,同济大学
516,081101,控制理论与控制工程,华东理工大学
517,081101,控制理论与控制工程,东南大学
518,081101,控制理论与控制工程,山东大学
519,081101,控制理论与控制工程,湖南大学
520,081101,控制理论与控制工程,中南大学
521,081101,控制理论与控制工程,西北工业大学
522,081102,检测技术与自动化装置,天津大学
523,081104,模式识别与智能系统,南京理工大学
524,081105,导航、制导与控制,哈尔滨工程大学
525,081105,导航、制导与控制,第二炮兵工程学院
526,0812,计算机科学与技术,北京大学
527,0812,计算机科学与技术,清华大学
528,0812,计算机科学与技术,北京航空航天大学
529,0812,计算机科学与技术,哈尔滨工业大学
530,0812,计算机科学与技术,上海交通大学
531,0812,计算机科学与技术,南京大学
532,0812,计算机科学与技术,国防科学技术大学
533,081201,计算机系统结构,华中科技大学
534,081202,计算机软件与理论,吉林大学
535,081202,计算机软件与理论,复旦大学
536,081202,计算机软件与理论,中国科学技术大学
537,081202,计算机软件与理论,武汉大学
538,081203,计算机应用技术,东北大学
539,081203,计算机应用技术,东南大学
540,081203,计算机应用技术,浙江大学
541,081203,计算机应用技术,安徽大学
542,081203,计算机应用技术,四川大学
543,081203,计算机应用技术,西北工业大学
544,0813,建筑学,清华大学
545,0813,建筑学,天津大学
546,0813,建筑学,同济大学
547,0813,建筑学,东南大学
548,081302,建筑设计及其理论,西安建筑科技大学
549,081303,城市规划与设计,重庆大学
550,0814,土木工程,清华大学
551,0814,土木工程,哈尔滨工业大学
552,0814,土木工程,同济大学
553,0814,土木工程,浙江大学
554,0814,土木工程,湖南大学
555,0814,土木工程,中南大学
556,081401,岩土工程,中国矿业大学
557,081401,岩土工程,河海大学
558,081401,岩土工程,四川大学
559,081401,岩土工程,重庆大学
560,081402,结构工程,北京工业大学
561,081402,结构工程,天津大学
562,081402,结构工程,大连理工大学
563,081402,结构工程,东南大学
564,081402,结构工程,广西大学
565,081402,结构工程,西安建筑科技大学
566,081405,防灾减灾工程及防护工程,解放军理工大学
567,081406,桥梁与隧道工程,北京交通大学
568,081406,桥梁与隧道工程,西南交通大学
569,0815,水利工程,清华大学
570,0815,水利工程,天津大学
571,0815,水利工程,大连理工大学
572,0815,水利工程,河海大学
573,0815,水利工程,武汉大学
574,0815,水利工程,西安理工大学
575,081502,水力学及河流动力学,四川大学
576,081504,水利水电工程,华中科技大学
577,0816,测绘科学与技术,武汉大学
578,0816,测绘科学与技术,解放军信息工程大学
579,081601,大地测量学与测量工程,同济大学
580,0817,化学工程与技术,清华大学
581,0817,化学工程与技术,北京化工大学
582,0817,化学工程与技术,天津大学
583,0817,化学工程与技术,大连理工大学
584,0817,化学工程与技术,华东理工大学
585,0817,化学工程与技术,南京工业大学
586,081701,化学工程,浙江大学
587,081701,化学工程,华南理工大学
588,081701,化学工程,四川大学
589,081702,化学工艺,太原理工大学
590,081702,化学工艺,中国石油大学
591,081704,应用化学,北京理工大学
592,081704,应用化学,南京理工大学
593,0818,地质资源与地质工程,吉林大学
594,0818,地质资源与地质工程,中国地质大学
595,0818,地质资源与地质工程,成都理工大学
596,081801,矿产普查与勘探,中国矿业大学
597,081801,矿产普查与勘探,西北大学
598,081801,矿产普查与勘探,中国石油大学
599,081802,地球探测与信息技术,中南大学
600,081803,地质工程,长安大学
601,0819,矿业工程,北京科技大学
602,0819,矿业工程,中国矿业大学
603,0819,矿业工程,中南大学
604,081901,采矿工程,东北大学
605,081901,采矿工程,重庆大学
606,081903,安全技术及工程,西安科技大学
607,0820,石油与天然气工程,大庆石油学院
608,0820,石油与天然气工程,西南石油大学
609,0820,石油与天然气工程,中国石油大学
610,082003,油气储运工程,后勤工程学院
611,0821,纺织科学与工程,东华大学
612,082101,纺织工程,天津工业大学
613,082101,纺织工程,苏州大学
614,0822,轻工技术与工程,华南理工大学
615,082203,发酵工程,天津科技大学
616,082203,发酵工程,江南大学
617,082204,皮革化学与工程,四川大学
618,0823,交通运输工程,北京交通大学
619,0823,交通运输工程,同济大学
620,0823,交通运输工程,东南大学
621,0823,交通运输工程,中南大学
622,0823,交通运输工程,西南交通大学
623,0823,交通运输工程,长安大学
624,082302,交通信息工程及控制,大连海事大学
625,0824,船舶与海洋工程,哈尔滨工程大学
626,0824,船舶与海洋工程,上海交通大学
627,0824,船舶与海洋工程,武汉理工大学
628,082401,船舶与海洋结构物设计制造,大连理工大学
629,082402,轮机工程,大连海事大学
630,082402,轮机工程,海军工程大学
631,082403,水声工程,西北工业大学
632,0825,航空宇航科学与技术,北京航空航天大学
633,0825,航空宇航科学与技术,南京航空航天大学
634,0825,航空宇航科学与技术,西北工业大学
635,082501,飞行器设计,哈尔滨工业大学
636,082502,航空宇航推进理论与工程,国防科学技术大学
637,082502,航空宇航推进理论与工程,空军工程大学
638,0826,兵器科学与技术,北京理工大学
639,0826,兵器科学与技术,南京理工大学
640,0826,兵器科学与技术,军械工程学院
641,082601,武器系统与运用工程,西北工业大学
642,082602,兵器发射理论与技术,第二炮兵工程学院
643,0827,核科学与技术,清华大学
644,0827,核科学与技术,中国科学技术大学
645,082701,核能科学与工程,西安交通大学
646,082703,核技术及应用,北京大学
647,082703,核技术及应用,四川大学
648,0828,农业工程,中国农业大学
649,082801,农业机械化工程,吉林大学
650,082801,农业机械化工程,东北农业大学
651,082801,农业机械化工程,浙江大学
652,082802,农业水土工程,西北农林科技大学
653,082804,农业电气化与自动化,江苏大学
654,0829,林业工程,东北林业大学
655,0829,林业工程,南京林业大学
656,082902,木材科学与技术,北京林业大学
657,082902,木材科学与技术,中南林业科技大学
658,083001,环境科学,北京大学
659,083001,环境科学,北京师范大学
660,083001,环境科学,南开大学
661,083001,环境科学,南京大学
662,083001,环境科学,厦门大学
663,083001,环境科学,中国海洋大学
664,083002,环境工程,清华大学
665,083002,环境工程,大连理工大学
666,083002,环境工程,哈尔滨工业大学
667,083002,环境工程,同济大学
668,083002,环境工程,浙江大学
669,083002,环境工程,湖南大学
670,083002,环境工程,西安建筑科技大学
671,0831,生物医学工程,清华大学
672,0831,生物医学工程,上海交通大学
673,0831,生物医学工程,东南大学
674,0831,生物医学工程,浙江大学
675,0831,生物医学工程,华中科技大学
676,0831,生物医学工程,四川大学
677,0831,生物医学工程,重庆大学
678,0831,生物医学工程,西安交通大学
679,0832,食品科学与工程,江南大学
680,083201,食品科学,南昌大学
681,083201,食品科学,华南理工大学
682,083203,农产品加工及贮藏工程,中国农业大学
683,083204,水产品加工及贮藏工程,中国海洋大学
684,0901,作物学,中国农业大学
685,0901,作物学,南京农业大学
686,0901,作物学,河南农业大学
687,0901,作物学,华中农业大学
688,090101,作物栽培学与耕作学,沈阳农业大学
689,090101,作物栽培学与耕作学,山东农业大学
690,090101,作物栽培学与耕作学,湖南农业大学
691,090101,作物栽培学与耕作学,扬州大学
692,090102,作物遗传育种,浙江大学
693,090102,作物遗传育种,华南农业大学
694,090102,作物遗传育种,华南热带农业大学
695,090102,作物遗传育种,四川农业大学
696,0902,园艺学,浙江大学
697,090201,果树学,中国农业大学
698,090201,果树学,山东农业大学
699,090201,果树学,华中农业大学
700,090201,果树学,华南农业大学
701,090201,果树学,西北农林科技大学
702,090202,蔬菜学,沈阳农业大学
703,090202,蔬菜学,南京农业大学
704,0903,农业资源利用,中国农业大学
705,0903,农业资源利用,南京农业大学
706,0903,农业资源利用,浙江大学
707,090301,土壤学,沈阳农业大学
708,090301,土壤学,西北农林科技大学
709,0904,植物保护,中国农业大学
710,0904,植物保护,南京农业大学
711,0904,植物保护,浙江大学
712,090401,植物病理学,福建农林大学
713,090401,植物病理学,西北农林科技大学
714,090402,农业昆虫与害虫防治,华南农业大学
715,090403,农药学,南开大学
716,090403,农药学,华中师范大学
717,090403,农药学,贵州大学
718,0905,畜牧学,中国农业大学
719,090501,动物遗传育种与繁殖,华中农业大学
720,090501,动物遗传育种与繁殖,广西大学
721,090501,动物遗传育种与繁殖,西北农林科技大学
722,090502,动物营养与饲料科学,东北农业大学
723,090502,动物营养与饲料科学,四川农业大学
724,090503,草业科学,内蒙古农业大学
725,090503,草业科学,甘肃农业大学
726,090503,草业科学,新疆农业大学
727,090504,特种经济动物饲养,浙江大学
728,090504,特种经济动物饲养,西南大学
729,0906,兽医学,中国农业大学
730,0906,兽医学,南京农业大学
731,090601,基础兽医学,东北农业大学
732,090602,预防兽医学,吉林大学
733,090602,预防兽医学,华南农业大学
734,090602,预防兽医学,扬州大学
735,090603,临床兽医学,西北农林科技大学
736,0907,林学,北京林业大学
737,0907,林学,东北林业大学
738,090701,林木遗传育种,南京林业大学
739,090702,森林培育,中南林业科技大学
740,090703,森林保护学,南京林业大学
741,0908,水产,中国海洋大学
742,090801,水产养殖,上海水产大学
743,090801,水产养殖,华中农业大学
744,1001,基础医学,复旦大学
745,1001,基础医学,第二军医大学
746,1001,基础医学,第四军医大学
747,100101,人体解剖与组织胚胎学,山东大学
748,100101,人体解剖与组织胚胎学,南方医科大学
749,100102,免疫学,北京大学
750,100102,免疫学,清华大学
751,100102,免疫学,第三军医大学
752,100104,病理学与病理生理学,北京大学
753,100104,病理学与病理生理学,清华大学
754,100104,病理学与病理生理学,上海交通大学
755,100104,病理学与病理生理学,华中科技大学
756,100104,病理学与病理生理学,中南大学
757,100104,病理学与病理生理学,汕头大学
758,100105,法医学,四川大学
759,100105,法医学,西安交通大学
760,100106,放射医学,苏州大学
761,100201,内科学,北京大学
762,100201,内科学,清华大学
763,100201,内科学,首都医科大学
764,100201,内科学,中国医科大学
765,100201,内科学,复旦大学
766,100201,内科学,上海交通大学
767,100201,内科学,苏州大学
768,100201,内科学,南京医科大学
769,100201,内科学,浙江大学
770,100201,内科学,山东大学
771,100201,内科学,华中科技大学
772,100201,内科学,中南大学
773,100201,内科学,中山大学
774,100201,内科学,广州医学院
775,100201,内科学,四川大学
776,100201,内科学,重庆医科大学
777,100201,内科学,南方医科大学
778,100201,内科学,第二军医大学
779,100201,内科学,第三军医大学
780,100201,内科学,第四军医大学
781,100201,内科学,军医进修学院
782,100202,儿科学,北京大学
783,100202,儿科学,首都医科大学
784,100202,儿科学,复旦大学
785,100202,儿科学,上海交通大学
786,100202,儿科学,浙江大学
787,100202,儿科学,四川大学
788,100202,儿科学,重庆医科大学
789,100203,老年医学,军医进修学院
790,100204,神经病学,首都医科大学
791,100204,神经病学,吉林大学
792,100204,神经病学,复旦大学
793,100204,神经病学,中南大学
794,100204,神经病学,中山大学
795,100204,神经病学,重庆医科大学
796,100205,精神病与精神卫生学,北京大学
797,100205,精神病与精神卫生学,中南大学
798,100206,皮肤病与性病学,北京大学
799,100206,皮肤病与性病学,清华大学
800,100206,皮肤病与性病学,中国医科大学
801,100206,皮肤病与性病学,安徽医科大学
802,100206,皮肤病与性病学,第四军医大学
803,100207,影像医学与核医学,清华大学
804,100207,影像医学与核医学,复旦大学
805,100207,影像医学与核医学,四川大学
806,100207,影像医学与核医学,第二军医大学
807,100208,临床检验诊断学,重庆医科大学
808,100210,外科学,北京大学
809,100210,外科学,清华大学
810,100210,外科学,首都医科大学
811,100210,外科学,天津医科大学
812,100210,外科学,中国医科大学
813,100210,外科学,复旦大学
814,100210,外科学,上海交通大学
815,100210,外科学,南京大学
816,100210,外科学,苏州大学
817,100210,外科学,浙江大学
818,100210,外科学,华中科技大学
819,100210,外科学,中南大学
820,100210,外科学,中山大学
821,100210,外科学,四川大学
822,100210,外科学,西安交通大学
823,100210,外科学,第二军医大学
824,100210,外科学,第三军医大学
825,100210,外科学,第四军医大学
826,100210,外科学,军医进修学院
827,100211,妇产科学,北京大学
828,100211,妇产科学,清华大学
829,100211,妇产科学,复旦大学
830,100211,妇产科学,山东大学
831,100211,妇产科学,华中科技大学
832,100211,妇产科学,四川大学
833,100212,眼科学,北京大学
834,100212,眼科学,首都医科大学
835,100212,眼科学,复旦大学
836,100212,眼科学,中山大学
837,100212,眼科学,青岛大学
838,100213,耳鼻咽喉科学,首都医科大学
839,100213,耳鼻咽喉科学,复旦大学
840,100213,耳鼻咽喉科学,中南大学
841,100213,耳鼻咽喉科学,中山大学
842,100213,耳鼻咽喉科学,军医进修学院
843,100214,肿瘤学,北京大学
844,100214,肿瘤学,清华大学
845,100214,肿瘤学,天津医科大学
846,100214,肿瘤学,复旦大学
847,100214,肿瘤学,浙江大学
848,100214,肿瘤学,中山大学
849,100214,肿瘤学,四川大学
850,100216,运动医学,北京大学
851,100217,麻醉学,清华大学
852,100217,麻醉学,华中科技大学
853,1003,口腔医学,北京大学
854,1003,口腔医学,四川大学
855,100301,口腔基础医学,武汉大学
856,100302,口腔临床医学,上海交通大学
857,100302,口腔临床医学,第四军医大学
858,100302,口腔临床医学,华中农业大学
859,1005,中医学,北京中医药大学
860,1005,中医学,广州中医药大学
861,100501,中医基础理论,辽宁中医药大学
862,100501,中医基础理论,山东中医药大学
863,100502,中医临床基础,浙江中医药大学
864,100503,中医医史文献,南京中医药大学
865,100503,中医医史文献,山东中医药大学
866,100504,方剂学,黑龙江中医药大学
867,100505,中医诊断学,湖南中医药大学
868,100506,中医内科学,天津中医药大学
869,100506,中医内科学,上海中医药大学
870,100507,中医外科学,上海中医药大学
871,100508,中医骨伤科学,上海中医药大学
872,100509,中医妇科学,黑龙江中医药大学
873,100509,中医妇科学,成都中医药大学
874,100510,中医儿科学,南京中医药大学
875,100511,中医五官科学,成都中医药大学
876,100512,针灸推拿学,天津中医药大学
877,100512,针灸推拿学,成都中医药大学
878,100401,流行病与卫生统计学,北京大学
879,100401,流行病与卫生统计学,复旦大学
880,100401,流行病与卫生统计学,山东大学
881,100402,劳动卫生与环境卫生学,中国医科大学
882,100402,劳动卫生与环境卫生学,南京医科大学
883,100402,劳动卫生与环境卫生学,华中科技大学
884,100403,营养与食品卫生学,哈尔滨医科大学
885,100403,营养与食品卫生学,四川大学
886,100405,卫生毒理学,中山大学
887,100406,军事预防医学,第三军医大学
888,100406,军事预防医学,第四军医大学
889,100406,军事预防医学,第四军医大学
890,1006,中西医结合,复旦大学
891,100601,中西医结合基础,北京中医药大学
892,100601,中西医结合基础,河北医科大学
893,100602,中西医结合临床,天津医科大学
894,100602,中西医结合临床,大连医科大学
895,100602,中西医结合临床,南方医科大学
896,100602,中西医结合临床,第二军医大学
897,1007,药学,北京大学
898,1007,药学,清华大学
899,1007,药学,中国药科大学
900,1007,药学,第二军医大学
901,100702,药剂学,沈阳药科大学
902,100702,药剂学,复旦大学
903,100702,药剂学,四川大学
904,100706,药理学,哈尔滨医科大学
905,100706,药理学,南京医科大学
906,100706,药理学,中南大学
907,100706,药理学,中山大学
908,1008,中药学,北京中医药大学
909,1008,中药学,黑龙江中医药大学
910,1008,中药学,上海中医药大学
911,1008,中药学,南京中医药大学
912,1008,中药学,成都中医药大学
913,1201,管理科学与工程,清华大学
914,1201,管理科学与工程,北京航空航天大学
915,1201,管理科学与工程,天津大学
916,1201,管理科学与工程,大连理工大学
917,1201,管理科学与工程,哈尔滨工业大学
918,1201,管理科学与工程,上海交通大学
919,1201,管理科学与工程,浙江大学
920,1201,管理科学与工程,合肥工业大学
921,1201,管理科学与工程,中南大学
922,1201,管理科学与工程,西安交通大学
923,1201,管理科学与工程,国防科学技术大学
924,1202,工商管理,中国人民大学
925,1202,工商管理,清华大学
926,1202,工商管理,厦门大学
927,1202,工商管理,中山大学
928,1202,工商管理,西安交通大学
929,120201,会计学,中央财经大学
930,120201,会计学,东北财经大学
931,120201,会计学,上海财经大学
932,120201,会计学,中南财经政法大学
933,120201,会计学,西南财经大学
934,120202,企业管理,北京大学
935,120202,企业管理,南开大学
936,120202,企业管理,南京大学
937,120204,技术经济及管理,重庆大学
938,1203,农业经济管理,中国人民大学
939,1203,农业经济管理,中国农业大学
940,1203,农业经济管理,南京农业大学
941,1203,农业经济管理,华中农业大学
942,1203,农业经济管理,华南农业大学
943,1203,农业经济管理,西北农林科技大学
944,120401,行政管理,中国人民大学
945,120401,行政管理,中山大学
946,120402,社会医学与卫生事业管理,复旦大学
947,120403,教育经济与管理,北京大学
948,120403,教育经济与管理,北京师范大学
949,120404,社会保障,武汉大学
950,120405,土地资源管理,南京农业大学
951,1205,图书馆、情报与档案管理,武汉大学
952,120501,图书馆学,北京大学
953,120502,情报学,南京大学
954,120503,档案学,中国人民大学
955,0101,哲学,中国人民大学
956,0101,哲学,复旦大学
957,010101,马克思主义哲学,北京师范大学
958,010101,马克思主义哲学,南开大学
959,010101,马克思主义哲学,吉林大学
960,010101,马克思主义哲学,南京大学
961,010101,马克思主义哲学,武汉大学
962,010101,马克思主义哲学,中山大学
963,010101,马克思主义哲学,中共中央党校
964,010102,中国哲学,武汉大学
965,010104,逻辑学,中山大学
966,010105,伦理学,湖南师范大学
967,010107,宗教学,四川大学
968,010108,科学技术哲学,山西大学
969,010108,科学技术哲学,东北大学
970,0201,理论经济学,北京大学
971,0201,理论经济学,中国人民大学
972,0201,理论经济学,南开大学
973,0201,理论经济学,复旦大学
974,0201,理论经济学,厦门大学
975,0201,理论经济学,武汉大学
976,020101,政治经济学,南京大学
977,020101,政治经济学,四川大学
978,020101,政治经济学,西南财经大学
979,020101,政治经济学,西北大学
980,020102,经济思想史,上海财经大学
981,020104,西方经济学,华中科技大学
982,020105,世界经济,辽宁大学
983,0202,应用经济学,中国人民大学
984,0202,应用经济学,中央财经大学
985,0202,应用经济学,南开大学
986,0202,应用经济学,厦门大学
987,020201,国民经济学,北京大学
988,020201,国民经济学,辽宁大学
989,020202,区域经济学,兰州大学
990,020203,财政学,东北财经大学
991,020203,财政学,上海财经大学
992,020203,财政学,中南财经政法大学
993,020204,金融学,辽宁大学
994,020204,金融学,复旦大学
995,020204,金融学,武汉大学
996,020204,金融学,中南财经政法大学
997,020204,金融学,暨南大学
998,020204,金融学,西南财经大学
999,020205,产业经济学,北京交通大学
1000,020205,产业经济学,东北财经大学
1001,020205,产业经济学,复旦大学
1002,020205,产业经济学,山东大学
1003,020205,产业经济学,暨南大学
1004,020205,产业经济学,西安交通大学
1005,020206,国际贸易学,对外经济贸易大学
1006,020206,国际贸易学,湖南大学
1007,020207,劳动经济学,首都经济贸易大学
1008,020208,统计学,天津财经大学
1009,020208,统计学,西南财经大学
1010,020209,数量经济学,清华大学
1011,020209,数量经济学,吉林大学
1012,020209,数量经济学,华侨大学
1013,020210,国防经济,国防大学
1014,020210,国防经济,军事经济学院
1015,0301,法学,北京大学
1016,0301,法学,中国人民大学
1017,0301,法学,中国政法大学
1018,030101,法学理论,吉林大学
1019,030102,法律史,华东政法大学
1020,030103,宪法学与行政法学,浙江大学
1021,030104,刑法学,吉林大学
1022,030105,民商法学,中南财经政法大学
1023,030106,诉讼法学,西南政法大学
1024,030107,经济法学,西南政法大学
1025,030108,环境与资源保护法学,武汉大学
1026,030109,国际法学,对外经济贸易大学
1027,030109,国际法学,厦门大学
1028,030109,国际法学,武汉大学
1029,0302,政治学,北京大学
1030,030201,政治学理论,南开大学
1031,030201,政治学理论,天津师范大学
1032,030201,政治学理论,吉林大学
1033,030201,政治学理论,复旦大学
1034,030202,中外政治制度,华中师范大学
1035,030203,科学社会主义与国际共产主义运动,山东大学
1036,030203,科学社会主义与国际共产主义运动,华中师范大学
1037,030203,科学社会主义与国际共产主义运动,中共中央党校
1038,030204,中共党史,中国人民大学
1039,030204,中共党史,中共中央党校
1040,030206,国际政治,中国人民大学
1041,030207,国际关系,复旦大学
1042,0303,社会学,北京大学
1043,0303,社会学,中国人民大学
1044,0303,社会学,上海大学
1045,0303,社会学,南京大学
1046,030303,人类学,中山大学
1047,030304,民俗学,北京师范大学
1048,0304,民族学,中央民族大学
1049,0304,民族学,云南大学
1050,0304,民族学,兰州大学
1051,0401,教育学,北京师范大学
1052,0401,教育学,华东师范大学
1053,040101,教育学原理,东北师范大学
1054,040101,教育学原理,南京师范大学
1055,040101,教育学原理,华中师范大学
1056,040102,课程与教学论,西南大学
1057,040103,教育史,浙江大学
1058,040105,学前教育学,南京师范大学
1059,040106,高等教育学,厦门大学
1060,040106,高等教育学,华中科技大学
1061,040110,教育技术学,华南师范大学
1062,0402,心理学,北京师范大学
1063,040201,基础心理学,北京大学
1064,040201,基础心理学,华东师范大学
1065,040201,基础心理学,西南大学
1066,040202,发展与教育心理学,天津师范大学
1067,040202,发展与教育心理学,华南师范大学
1068,040203,应用心理学,浙江大学
1069,0403,体育学,北京体育大学
1070,0501,中国语言文学,北京大学
1071,0501,中国语言文学,北京师范大学
1072,0501,中国语言文学,复旦大学
1073,0501,中国语言文学,南京大学
1074,0501,中国语言文学,四川大学
1075,050102,语言学及应用语言学,北京语言大学
1076,050103,汉语言文字学,安徽大学
1077,050103,汉语言文字学,华中师范大学
1078,050104,中国古典文献学,浙江大学
1079,050105,中国古代文学,首都师范大学
1080,050105,中国古代文学,南开大学
1081,050105,中国古代文学,华东师范大学
1082,050105,中国古代文学,中山大学
1083,050105,中国古代文学,陕西师范大学
1084,050106,中国现当代文学,南京师范大学
1085,050106,中国现当代文学,福建师范大学
1086,050106,中国现当代文学,山东师范大学
1087,050106,中国现当代文学,武汉大学
1088,050107,中国少数民族语言文学,中央民族大学
1089,050107,中国少数民族语言文学,内蒙古大学
1090,050107,中国少数民族语言文学,新疆大学
1091,050108,比较文学与世界文学,上海师范大学
1092,050201,英语语言文学,北京大学
1093,050201,英语语言文学,北京外国语大学
1094,050201,英语语言文学,上海外国语大学
1095,050201,英语语言文学,南京大学
1096,050201,英语语言文学,湖南师范大学
1097,050201,英语语言文学,中山大学
1098,050201,英语语言文学,解放军外国语学院
1099,050202,俄语语言文学,黑龙江大学
1100,050202,俄语语言文学,上海外国语大学
1101,050202,俄语语言文学,解放军外国语学院
1102,050204,德语语言文学,北京外国语大学
1103,050206,印度语言文学,北京大学
1104,050210,亚非语言文学,延边大学
1105,050211,外国语言学及应用语言学,北京外国语大学
1106,050211,外国语言学及应用语言学,广东外语外贸大学
1107,0503,新闻传播学,中国人民大学
1108,0503,新闻传播学,复旦大学
1109,050301,新闻学,中国传媒大学
1110,050401,艺术学,东南大学
1111,050402,音乐学,中央音乐学院
1112,050402,音乐学,上海音乐学院
1113,050403,美术学,中国美术学院
1114,050403,美术学,中央美术学院
1115,050404,设计艺术学,清华大学
1116,050405,戏剧戏曲学,中央戏剧学院
1117,050405,戏剧戏曲学,上海戏剧学院
1118,050407,广播电视艺术学,中国传媒大学
1119,0601,历史学,北京大学
1120,0601,历史学,南开大学
1121,060101,史学理论及史学史,北京师范大学
1122,060102,考古学及博物馆学,吉林大学
1123,060103,历史地理学,复旦大学
1124,060103,历史地理学,陕西师范大学
1125,060104,历史文献学,四川大学
1126,060105,专门史,清华大学
1127,060105,专门史,厦门大学
1128,060105,专门史,四川大学
1129,060105,专门史,云南大学
1130,060105,专门史,西北大学
1131,060106,中国古代史,中国人民大学
1132,060106,中国古代史,北京师范大学
1133,060106,中国古代史,山东大学
1134,060106,中国古代史,武汉大学
1135,060106,中国古代史,中山大学
1136,060106,中国古代史,陕西师范大学
1137,060107,中国近现代史,中国人民大学
1138,060107,中国近现代史,复旦大学
1139,060107,中国近现代史,华中师范大学
1140,060107,中国近现代史,湖南师范大学
1141,060107,中国近现代史,中山大学
1142,060108,世界史,首都师范大学
1143,060108,世界史,东北师范大学
1144,060108,世界史,南京大学
1145,060108,世界史,武汉大学
1146,0701,数学,北京大学
1147,0701,数学,清华大学
1148,0701,数学,北京师范大学
1149,0701,数学,南开大学
1150,0701,数学,吉林大学
1151,0701,数学,复旦大学
1152,0701,数学,南京大学
1153,0701,数学,浙江大学
1154,0701,数学,中国科学技术大学
1155,0701,数学,山东大学
1156,0701,数学,四川大学
1157,070101,基础数学,首都师范大学
1158,070101,基础数学,华东师范大学
1159,070101,基础数学,厦门大学
1160,070101,基础数学,武汉大学
1161,070101,基础数学,中山大学
1162,070102,计算数学,大连理工大学
1163,070102,计算数学,湘潭大学
1164,070102,计算数学,西安交通大学
1165,070103,概率论与数理统计,中南大学
1166,070104,应用数学,新疆大学
1167,0702,物理学,北京大学
1168,0702,物理学,清华大学
1169,0702,物理学,复旦大学
1170,0702,物理学,南京大学
1171,0702,物理学,中国科学技术大学
1172,070201,理论物理,北京师范大学
1173,070201,理论物理,浙江大学
1174,070201,理论物理,华中师范大学
1175,070201,理论物理,湖南师范大学
1176,070202,粒子物理与原子核物理,山东大学
1177,070202,粒子物理与原子核物理,兰州大学
1178,070203,原子与分子物理,吉林大学
1179,070203,原子与分子物理,四川大学
1180,070203,原子与分子物理,国防科学技术大学
1181,070204,等离子体物理,大连理工大学
1182,070205,凝聚态物理,吉林大学
1183,070205,凝聚态物理,上海交通大学
1184,070205,凝聚态物理,浙江大学
1185,070205,凝聚态物理,厦门大学
1186,070205,凝聚态物理,山东大学
1187,070205,凝聚态物理,郑州大学
1188,070205,凝聚态物理,武汉大学
1189,070205,凝聚态物理,中山大学
1190,070207,光学,北京工业大学
1191,070207,光学,南开大学
1192,070207,光学,山西大学
1193,070207,光学,哈尔滨工业大学
1194,070207,光学,上海交通大学
1195,070207,光学,华东师范大学
1196,070207,光学,华南师范大学
1197,070208,无线电物理,武汉大学
1198,0703,化学,北京大学
1199,0703,化学,南开大学
1200,0703,化学,吉林大学
1201,0703,化学,复旦大学
1202,0703,化学,南京大学
1203,0703,化学,浙江大学
1204,0703,化学,中国科学技术大学
1205,0703,化学,厦门大学
1206,070301,无机化学,中山大学
1207,070302,分析化学,清华大学
1208,070302,分析化学,武汉大学
1209,070302,分析化学,湖南大学
1210,070303,有机化学,四川大学
1211,070303,有机化学,兰州大学
1212,070304,物理化学,北京师范大学
1213,070304,物理化学,福州大学
1214,070304,物理化学,山东大学
1215,070305,高分子化学与物理,中山大学
1216,0704,天文学,南京大学
1217,070401,天体物理,北京大学
1218,070401,天体物理,中国科学技术大学
1219,0705,地理学,北京大学
1220,0705,地理学,北京师范大学
1221,0705,地理学,华东师范大学
1222,070501,自然地理学,南京大学
1223,070501,自然地理学,兰州大学
1224,070502,人文地理学,中山大学
1225,070503,地图学与地理信息系统,南京师范大学
1226,070503,地图学与地理信息系统,武汉大学
1227,0706,大气科学,北京大学
1228,070601,气象学,南京大学
1229,070601,气象学,南京信息工程大学
1230,0707,海洋科学,厦门大学
1231,0707,海洋科学,中国海洋大学
1232,070704,海洋地质,同济大学
1233,0708,地球物理学,中国科学技术大学
1234,070801,固体地球物理学,北京大学
1235,0709,地质学,南京大学
1236,0709,地质学,中国地质大学
1237,0709,地质学,西北大学
1238,070902,地球化学,中国科学技术大学
1239,070904,构造地质学,北京大学
1240,0710,生物学,北京大学
1241,0710,生物学,清华大学
1242,0710,生物学,复旦大学
1243,0710,生物学,南京大学
1244,0710,生物学,中国科学技术大学
1245,0710,生物学,武汉大学
1246,0710,生物学,中山大学
1247,071001,植物学,中国农业大学
1248,071001,植物学,北京林业大学
1249,071001,植物学,首都师范大学
1250,071001,植物学,东北林业大学
1251,071001,植物学,浙江大学
1252,071001,植物学,四川大学
1253,071001,植物学,西北大学
1254,071001,植物学,兰州大学
1255,071002,动物学,南开大学
1256,071002,动物学,内蒙古大学
1257,071002,动物学,南京师范大学
1258,071002,动物学,厦门大学
1259,071003,生理学,山西医科大学
1260,071003,生理学,西安交通大学
1261,071003,生理学,第二军医大学
1262,071004,水生生物学,厦门大学
1263,071004,水生生物学,暨南大学
1264,071005,微生物学,中国农业大学
1265,071005,微生物学,南开大学
1266,071005,微生物学,山东大学
1267,071005,微生物学,华中农业大学
1268,071005,微生物学,云南大学
1269,071006,神经生物学,首都医科大学
1270,071006,神经生物学,第四军医大学
1271,071007,遗传学,上海交通大学
1272,071007,遗传学,中南大学
1273,071007,遗传学,四川大学
1274,071007,遗传学,第二军医大学
1275,071008,发育生物学,湖南师范大学
1276,071009,细胞生物学,北京师范大学
1277,071009,细胞生物学,河北师范大学
1278,071009,细胞生物学,东北师范大学
1279,071009,细胞生物学,厦门大学
1280,071009,细胞生物学,第四军医大学
1281,071010,生物化学与分子生物学,中国农业大学
1282,071010,生物化学与分子生物学,吉林大学
1283,071010,生物化学与分子生物学,上海交通大学
1284,071010,生物化学与分子生物学,华中农业大学
1285,071010,生物化学与分子生物学,第四军医大学
1286,071011,生物物理学,浙江大学
1287,071011,生物物理学,华中科技大学
1288,071012,生态学,北京师范大学
1289,071012,生态学,东北师范大学
1290,071012,生态学,东北林业大学
1291,071012,生态学,华东师范大学
1292,071012,生态学,南京林业大学
1293,071012,生态学,浙江大学
1294,071012,生态学,云南大学
1295,071012,生态学,兰州大学
1296,071101,系统理论,北京师范大学
1297,071200,科学技术史,北京科技大学
1298,071200,科学技术史,中国科学技术大学
1299,0801,力学,北京大学
1300,0801,力学,清华大学
1301,0801,力学,北京航空航天大学
1302,0801,力学,大连理工大学
1303,0801,力学,哈尔滨工业大学
1304,0801,力学,上海交通大学
1305,0801,力学,南京航空航天大学
1306,0801,力学,中国科学技术大学
1307,080101,一般力学与力学基础,湘潭大学
1308,080102,固体力学,浙江大学
1309,080102,固体力学,四川大学
1310,080102,固体力学,西安交通大学
1311,080102,固体力学,西北工业大学
1312,080102,固体力学,兰州大学
1313,080103,流体力学,天津大学
1314,080103,流体力学,上海大学
1315,080104,工程力学,北京理工大学
1316,080104,工程力学,同济大学
1317,080104,工程力学,中国矿业大学
1318,080104,工程力学,河海大学
1319,0802,机械工程,清华大学
1320,0802,机械工程,北京航空航天大学
1321,0802,机械工程,北京理工大学
1322,0802,机械工程,吉林大学
1323,0802,机械工程,哈尔滨工业大学
1324,0802,机械工程,燕山大学
1325,0802,机械工程,上海交通大学
1326,0802,机械工程,浙江大学
1327,0802,机械工程,华中科技大学
1328,0802,机械工程,湖南大学
1329,0802,机械工程,中南大学
1330,0802,机械工程,重庆大学
1331,0802,机械工程,西南交通大学
1332,0802,机械工程,西安交通大学
1333,080201,机械制造及其自动化,大连理工大学
1334,080201,机械制造及其自动化,南京航空航天大学
1335,080201,机械制造及其自动化,山东大学
1336,080201,机械制造及其自动化,武汉理工大学
1337,080202,机械电子工程,上海大学
1338,080202,机械电子工程,西北工业大学
1339,080202,机械电子工程,国防科学技术大学
1340,080203,机械设计及理论,北京科技大学
1341,080203,机械设计及理论,天津大学
1342,080203,机械设计及理论,东北大学
1343,080203,机械设计及理论,同济大学
1344,080203,机械设计及理论,中国矿业大学
1345,080203,机械设计及理论,合肥工业大学
1346,0803,光学工程,清华大学
1347,0803,光学工程,北京理工大学
1348,0803,光学工程,南开大学
1349,0803,光学工程,天津大学
1350,0803,光学工程,长春理工大学
1351,0803,光学工程,南京理工大学
1352,0803,光学工程,浙江大学
1353,0803,光学工程,华中科技大学
1354,0803,光学工程,国防科学技术大学
1355,0804,仪器科学与技术,北京航空航天大学
1356,0804,仪器科学与技术,天津大学
1357,0804,仪器科学与技术,哈尔滨工业大学
1358,080401,精密仪器及机械,清华大学
1359,080401,精密仪器及机械,重庆大学
1360,0805,材料科学与工程,清华大学
1361,0805,材料科学与工程,北京航空航天大学
1362,0805,材料科学与工程,北京科技大学
1363,0805,材料科学与工程,天津大学
1364,0805,材料科学与工程,东北大学
1365,0805,材料科学与工程,哈尔滨工业大学
1366,0805,材料科学与工程,上海交通大学
1367,0805,材料科学与工程,浙江大学
1368,0805,材料科学与工程,山东大学
1369,0805,材料科学与工程,华中科技大学
1370,0805,材料科学与工程,武汉理工大学
1371,0805,材料科学与工程,中南大学
1372,0805,材料科学与工程,华南理工大学
1373,0805,材料科学与工程,四川大学
1374,0805,材料科学与工程,西安交通大学
1375,0805,材料科学与工程,西北工业大学
1376,080501,材料物理与化学,河北工业大学
1377,080501,材料物理与化学,南京大学
1378,080501,材料物理与化学,南昌大学
1379,080502,材料学,北京工业大学
1380,080502,材料学,北京化工大学
1381,080502,材料学,燕山大学
1382,080502,材料学,同济大学
1383,080502,材料学,东华大学
1384,080502,材料学,南京理工大学
1385,080502,材料学,重庆大学
1386,080503,材料加工工程,太原理工大学
1387,080503,材料加工工程,吉林大学
1388,080503,材料加工工程,郑州大学
1389,080601,冶金工程,北京科技大学
1390,080601,冶金工程,东北大学
1391,080602,钢铁冶金,上海大学
1392,080603,有色金属冶金,中南大学
1393,080603,有色金属冶金,昆明理工大学
1394,0807,动力工程及工程热物理,清华大学
1395,0807,动力工程及工程热物理,哈尔滨工业大学
1396,0807,动力工程及工程热物理,上海交通大学
1397,0807,动力工程及工程热物理,浙江大学
1398,0807,动力工程及工程热物理,华中科技大学
1399,0807,动力工程及工程热物理,西安交通大学
1400,080701,工程热物理,重庆大学
1401,080702,热能工程,北京科技大学
1402,080702,热能工程,华北电力大学
1403,080702,热能工程,东南大学
1404,080703,动力机械及工程,北京理工大学
1405,080703,动力机械及工程,天津大学
1406,080704,流体机械及工程,江苏大学
1407,080706,化工过程机械,北京化工大学
1408,080706,化工过程机械,华东理工大学
1409,0808,电气工程,清华大学
1410,0808,电气工程,浙江大学
1411,0808,电气工程,华中科技大学
1412,0808,电气工程,重庆大学
1413,0808,电气工程,西安交通大学
1414,080801,电机与电器,河北工业大学
1415,080801,电机与电器,沈阳工业大学
1416,080801,电机与电器,哈尔滨工业大学
1417,080802,电力系统及其自动化,天津大学
1418,080802,电力系统及其自动化,华北电力大学
1419,080802,电力系统及其自动化,西南交通大学
1420,080802,电力系统及其自动化,海军工程大学
1421,080803,高电压与绝缘技术,哈尔滨理工大学
1422,080804,电力电子与电力传动,中国矿业大学
1423,080804,电力电子与电力传动,合肥工业大学
1424,0809,电子科学与技术,北京大学
1425,0809,电子科学与技术,清华大学
1426,0809,电子科学与技术,北京邮电大学
1427,0809,电子科学与技术,复旦大学
1428,0809,电子科学与技术,东南大学
1429,0809,电子科学与技术,电子科技大学
1430,0809,电子科学与技术,西安电子科技大学
1431,080901,物理电子学,北京理工大学
1432,080901,物理电子学,哈尔滨工业大学
1433,080902,电路与系统,西北工业大学
1434,080903,微电子学与固体电子学,天津大学
1435,080903,微电子学与固体电子学,吉林大学
1436,080903,微电子学与固体电子学,南京大学
1437,080903,微电子学与固体电子学,华中科技大学
1438,080903,微电子学与固体电子学,西安交通大学
1439,080904,电磁场与微波技术,北京航空航天大学
1440,080904,电磁场与微波技术,上海交通大学
1441,080904,电磁场与微波技术,南京理工大学
1442,0810,信息与通信工程,清华大学
1443,0810,信息与通信工程,北京交通大学
1444,0810,信息与通信工程,北京理工大学
1445,0810,信息与通信工程,北京邮电大学
1446,0810,信息与通信工程,东南大学
1447,0810,信息与通信工程,电子科技大学
1448,0810,信息与通信工程,西安电子科技大学
1449,0810,信息与通信工程,国防科学技术大学
1450,081001,通信与信息系统,北京大学
1451,081001,通信与信息系统,北京航空航天大学
1452,081001,通信与信息系统,天津大学
1453,081001,通信与信息系统,哈尔滨工业大学
1454,081001,通信与信息系统,上海交通大学
1455,081001,通信与信息系统,浙江大学
1456,081001,通信与信息系统,中国科学技术大学
1457,081001,通信与信息系统,华南理工大学
1458,081001,通信与信息系统,解放军信息工程大学
1459,081001,通信与信息系统,解放军理工大学
1460,0811,控制科学与工程,清华大学
1461,0811,控制科学与工程,北京航空航天大学
1462,0811,控制科学与工程,东北大学
1463,0811,控制科学与工程,哈尔滨工业大学
1464,0811,控制科学与工程,上海交通大学
1465,0811,控制科学与工程,浙江大学
1466,0811,控制科学与工程,华中科技大学
1467,0811,控制科学与工程,西安交通大学
1468,0811,控制科学与工程,国防科学技术大学
1469,081101,控制理论与控制工程,北京理工大学
1470,081101,控制理论与控制工程,同济大学
1471,081101,控制理论与控制工程,华东理工大学
1472,081101,控制理论与控制工程,东南大学
1473,081101,控制理论与控制工程,山东大学
1474,081101,控制理论与控制工程,湖南大学
1475,081101,控制理论与控制工程,中南大学
1476,081101,控制理论与控制工程,西北工业大学
1477,081102,检测技术与自动化装置,天津大学
1478,081104,模式识别与智能系统,南京理工大学
1479,081105,导航、制导与控制,哈尔滨工程大学
1480,081105,导航、制导与控制,第二炮兵工程学院
1481,0812,计算机科学与技术,北京大学
1482,0812,计算机科学与技术,清华大学
1483,0812,计算机科学与技术,北京航空航天大学
1484,0812,计算机科学与技术,哈尔滨工业大学
1485,0812,计算机科学与技术,上海交通大学
1486,0812,计算机科学与技术,南京大学
1487,0812,计算机科学与技术,国防科学技术大学
1488,081201,计算机系统结构,华中科技大学
1489,081202,计算机软件与理论,吉林大学
1490,081202,计算机软件与理论,复旦大学
1491,081202,计算机软件与理论,中国科学技术大学
1492,081202,计算机软件与理论,武汉大学
1493,081203,计算机应用技术,东北大学
1494,081203,计算机应用技术,东南大学
1495,081203,计算机应用技术,浙江大学
1496,081203,计算机应用技术,安徽大学
1497,081203,计算机应用技术,四川大学
1498,081203,计算机应用技术,西北工业大学
1499,0813,建筑学,清华大学
1500,0813,建筑学,天津大学
1501,0813,建筑学,同济大学
1502,0813,建筑学,东南大学
1503,081302,建筑设计及其理论,西安建筑科技大学
1504,081303,城市规划与设计,重庆大学
1505,0814,土木工程,清华大学
1506,0814,土木工程,哈尔滨工业大学
1507,0814,土木工程,同济大学
1508,0814,土木工程,浙江大学
1509,0814,土木工程,湖南大学
1510,0814,土木工程,中南大学
1511,081401,岩土工程,中国矿业大学
1512,081401,岩土工程,河海大学
1513,081401,岩土工程,四川大学
1514,081401,岩土工程,重庆大学
1515,081402,结构工程,北京工业大学
1516,081402,结构工程,天津大学
1517,081402,结构工程,大连理工大学
1518,081402,结构工程,东南大学
1519,081402,结构工程,广西大学
1520,081402,结构工程,西安建筑科技大学
1521,081405,防灾减灾工程及防护工程,解放军理工大学
1522,081406,桥梁与隧道工程,北京交通大学
1523,081406,桥梁与隧道工程,西南交通大学
1524,0815,水利工程,清华大学
1525,0815,水利工程,天津大学
1526,0815,水利工程,大连理工大学
1527,0815,水利工程,河海大学
1528,0815,水利工程,武汉大学
1529,0815,水利工程,西安理工大学
1530,081502,水力学及河流动力学,四川大学
1531,081504,水利水电工程,华中科技大学
1532,0816,测绘科学与技术,武汉大学
1533,0816,测绘科学与技术,解放军信息工程大学
1534,081601,大地测量学与测量工程,同济大学
1535,0817,化学工程与技术,清华大学
1536,0817,化学工程与技术,北京化工大学
1537,0817,化学工程与技术,天津大学
1538,0817,化学工程与技术,大连理工大学
1539,0817,化学工程与技术,华东理工大学
1540,0817,化学工程与技术,南京工业大学
1541,081701,化学工程,浙江大学
1542,081701,化学工程,华南理工大学
1543,081701,化学工程,四川大学
1544,081702,化学工艺,太原理工大学
1545,081702,化学工艺,中国石油大学
1546,081704,应用化学,北京理工大学
1547,081704,应用化学,南京理工大学
1548,0818,地质资源与地质工程,吉林大学
1549,0818,地质资源与地质工程,中国地质大学
1550,0818,地质资源与地质工程,成都理工大学
1551,081801,矿产普查与勘探,中国矿业大学
1552,081801,矿产普查与勘探,西北大学
1553,081801,矿产普查与勘探,中国石油大学
1554,081802,地球探测与信息技术,中南大学
1555,081803,地质工程,长安大学
1556,0819,矿业工程,北京科技大学
1557,0819,矿业工程,中国矿业大学
1558,0819,矿业工程,中南大学
1559,081901,采矿工程,东北大学
1560,081901,采矿工程,重庆大学
1561,081903,安全技术及工程,西安科技大学
1562,0820,石油与天然气工程,大庆石油学院
1563,0820,石油与天然气工程,西南石油大学
1564,0820,石油与天然气工程,中国石油大学
1565,082003,油气储运工程,后勤工程学院
1566,0821,纺织科学与工程,东华大学
1567,082101,纺织工程,天津工业大学
1568,082101,纺织工程,苏州大学
1569,0822,轻工技术与工程,华南理工大学
1570,082203,发酵工程,天津科技大学
1571,082203,发酵工程,江南大学
1572,082204,皮革化学与工程,四川大学
1573,0823,交通运输工程,北京交通大学
1574,0823,交通运输工程,同济大学
1575,0823,交通运输工程,东南大学
1576,0823,交通运输工程,中南大学
1577,0823,交通运输工程,西南交通大学
1578,0823,交通运输工程,长安大学
1579,082302,交通信息工程及控制,大连海事大学
1580,0824,船舶与海洋工程,哈尔滨工程大学
1581,0824,船舶与海洋工程,上海交通大学
1582,0824,船舶与海洋工程,武汉理工大学
1583,082401,船舶与海洋结构物设计制造,大连理工大学
1584,082402,轮机工程,大连海事大学
1585,082402,轮机工程,海军工程大学
1586,082403,水声工程,西北工业大学
1587,0825,航空宇航科学与技术,北京航空航天大学
1588,0825,航空宇航科学与技术,南京航空航天大学
1589,0825,航空宇航科学与技术,西北工业大学
1590,082501,飞行器设计,哈尔滨工业大学
1591,082502,航空宇航推进理论与工程,国防科学技术大学
1592,082502,航空宇航推进理论与工程,空军工程大学
1593,0826,兵器科学与技术,北京理工大学
1594,0826,兵器科学与技术,南京理工大学
1595,0826,兵器科学与技术,军械工程学院
1596,082601,武器系统与运用工程,西北工业大学
1597,082602,兵器发射理论与技术,第二炮兵工程学院
1598,0827,核科学与技术,清华大学
1599,0827,核科学与技术,中国科学技术大学
1600,082701,核能科学与工程,西安交通大学
1601,082703,核技术及应用,北京大学
1602,082703,核技术及应用,四川大学
1603,0828,农业工程,中国农业大学
1604,082801,农业机械化工程,吉林大学
1605,082801,农业机械化工程,东北农业大学
1606,082801,农业机械化工程,浙江大学
1607,082802,农业水土工程,西北农林科技大学
1608,082804,农业电气化与自动化,江苏大学
1609,0829,林业工程,东北林业大学
1610,0829,林业工程,南京林业大学
1611,082902,木材科学与技术,北京林业大学
1612,082902,木材科学与技术,中南林业科技大学
1613,083001,环境科学,北京大学
1614,083001,环境科学,北京师范大学
1615,083001,环境科学,南开大学
1616,083001,环境科学,南京大学
1617,083001,环境科学,厦门大学
1618,083001,环境科学,中国海洋大学
1619,083002,环境工程,清华大学
1620,083002,环境工程,大连理工大学
1621,083002,环境工程,哈尔滨工业大学
1622,083002,环境工程,同济大学
1623,083002,环境工程,浙江大学
1624,083002,环境工程,湖南大学
1625,083002,环境工程,西安建筑科技大学
1626,0831,生物医学工程,清华大学
1627,0831,生物医学工程,上海交通大学
1628,0831,生物医学工程,东南大学
1629,0831,生物医学工程,浙江大学
1630,0831,生物医学工程,华中科技大学
1631,0831,生物医学工程,四川大学
1632,0831,生物医学工程,重庆大学
1633,0831,生物医学工程,西安交通大学
1634,0832,食品科学与工程,江南大学
1635,083201,食品科学,南昌大学
1636,083201,食品科学,华南理工大学
1637,083203,农产品加工及贮藏工程,中国农业大学
1638,083204,水产品加工及贮藏工程,中国海洋大学
1639,0901,作物学,中国农业大学
1640,0901,作物学,南京农业大学
1641,0901,作物学,河南农业大学
1642,0901,作物学,华中农业大学
1643,090101,作物栽培学与耕作学,沈阳农业大学
1644,090101,作物栽培学与耕作学,山东农业大学
1645,090101,作物栽培学与耕作学,湖南农业大学
1646,090101,作物栽培学与耕作学,扬州大学
1647,090102,作物遗传育种,浙江大学
1648,090102,作物遗传育种,华南农业大学
1649,090102,作物遗传育种,华南热带农业大学
1650,090102,作物遗传育种,四川农业大学
1651,0902,园艺学,浙江大学
1652,090201,果树学,中国农业大学
1653,090201,果树学,山东农业大学
1654,090201,果树学,华中农业大学
1655,090201,果树学,华南农业大学
1656,090201,果树学,西北农林科技大学
1657,090202,蔬菜学,沈阳农业大学
1658,090202,蔬菜学,南京农业大学
1659,0903,农业资源利用,中国农业大学
1660,0903,农业资源利用,南京农业大学
1661,0903,农业资源利用,浙江大学
1662,090301,土壤学,沈阳农业大学
1663,090301,土壤学,西北农林科技大学
1664,0904,植物保护,中国农业大学
1665,0904,植物保护,南京农业大学
1666,0904,植物保护,浙江大学
1667,090401,植物病理学,福建农林大学
1668,090401,植物病理学,西北农林科技大学
1669,090402,农业昆虫与害虫防治,华南农业大学
1670,090403,农药学,南开大学
1671,090403,农药学,华中师范大学
1672,090403,农药学,贵州大学
1673,0905,畜牧学,中国农业大学
1674,090501,动物遗传育种与繁殖,华中农业大学
1675,090501,动物遗传育种与繁殖,广西大学
1676,090501,动物遗传育种与繁殖,西北农林科技大学
1677,090502,动物营养与饲料科学,东北农业大学
1678,090502,动物营养与饲料科学,四川农业大学
1679,090503,草业科学,内蒙古农业大学
1680,090503,草业科学,甘肃农业大学
1681,090503,草业科学,新疆农业大学
1682,090504,特种经济动物饲养,浙江大学
1683,090504,特种经济动物饲养,西南大学
1684,0906,兽医学,中国农业大学
1685,0906,兽医学,南京农业大学
1686,090601,基础兽医学,东北农业大学
1687,090602,预防兽医学,吉林大学
1688,090602,预防兽医学,华南农业大学
1689,090602,预防兽医学,扬州大学
1690,090603,临床兽医学,西北农林科技大学
1691,0907,林学,北京林业大学
1692,0907,林学,东北林业大学
1693,090701,林木遗传育种,南京林业大学
1694,090702,森林培育,中南林业科技大学
1695,090703,森林保护学,南京林业大学
1696,0908,水产,中国海洋大学
1697,090801,水产养殖,上海水产大学
1698,090801,水产养殖,华中农业大学
1699,1001,基础医学,复旦大学
1700,1001,基础医学,第二军医大学
1701,1001,基础医学,第四军医大学
1702,100101,人体解剖与组织胚胎学,山东大学
1703,100101,人体解剖与组织胚胎学,南方医科大学
1704,100102,免疫学,北京大学
1705,100102,免疫学,清华大学
1706,100102,免疫学,第三军医大学
1707,100104,病理学与病理生理学,北京大学
1708,100104,病理学与病理生理学,清华大学
1709,100104,病理学与病理生理学,上海交通大学
1710,100104,病理学与病理生理学,华中科技大学
1711,100104,病理学与病理生理学,中南大学
1712,100104,病理学与病理生理学,汕头大学
1713,100105,法医学,四川大学
1714,100105,法医学,西安交通大学
1715,100106,放射医学,苏州大学
1716,100201,内科学,北京大学
1717,100201,内科学,清华大学
1718,100201,内科学,首都医科大学
1719,100201,内科学,中国医科大学
1720,100201,内科学,复旦大学
1721,100201,内科学,上海交通大学
1722,100201,内科学,苏州大学
1723,100201,内科学,南京医科大学
1724,100201,内科学,浙江大学
1725,100201,内科学,山东大学
1726,100201,内科学,华中科技大学
1727,100201,内科学,中南大学
1728,100201,内科学,中山大学
1729,100201,内科学,广州医学院
1730,100201,内科学,四川大学
1731,100201,内科学,重庆医科大学
1732,100201,内科学,南方医科大学
1733,100201,内科学,第二军医大学
1734,100201,内科学,第三军医大学
1735,100201,内科学,第四军医大学
1736,100201,内科学,军医进修学院
1737,100202,儿科学,北京大学
1738,100202,儿科学,首都医科大学
1739,100202,儿科学,复旦大学
1740,100202,儿科学,上海交通大学
1741,100202,儿科学,浙江大学
1742,100202,儿科学,四川大学
1743,100202,儿科学,重庆医科大学
1744,100203,老年医学,军医进修学院
1745,100204,神经病学,首都医科大学
1746,100204,神经病学,吉林大学
1747,100204,神经病学,复旦大学
1748,100204,神经病学,中南大学
1749,100204,神经病学,中山大学
1750,100204,神经病学,重庆医科大学
1751,100205,精神病与精神卫生学,北京大学
1752,100205,精神病与精神卫生学,中南大学
1753,100206,皮肤病与性病学,北京大学
1754,100206,皮肤病与性病学,清华大学
1755,100206,皮肤病与性病学,中国医科大学
1756,100206,皮肤病与性病学,安徽医科大学
1757,100206,皮肤病与性病学,第四军医大学
1758,100207,影像医学与核医学,清华大学
1759,100207,影像医学与核医学,复旦大学
1760,100207,影像医学与核医学,四川大学
1761,100207,影像医学与核医学,第二军医大学
1762,100208,临床检验诊断学,重庆医科大学
1763,100210,外科学,北京大学
1764,100210,外科学,清华大学
1765,100210,外科学,首都医科大学
1766,100210,外科学,天津医科大学
1767,100210,外科学,中国医科大学
1768,100210,外科学,复旦大学
1769,100210,外科学,上海交通大学
1770,100210,外科学,南京大学
1771,100210,外科学,苏州大学
1772,100210,外科学,浙江大学
1773,100210,外科学,华中科技大学
1774,100210,外科学,中南大学
1775,100210,外科学,中山大学
1776,100210,外科学,四川大学
1777,100210,外科学,西安交通大学
1778,100210,外科学,第二军医大学
1779,100210,外科学,第三军医大学
1780,100210,外科学,第四军医大学
1781,100210,外科学,军医进修学院
1782,100211,妇产科学,北京大学
1783,100211,妇产科学,清华大学
1784,100211,妇产科学,复旦大学
1785,100211,妇产科学,山东大学
1786,100211,妇产科学,华中科技大学
1787,100211,妇产科学,四川大学
1788,100212,眼科学,北京大学
1789,100212,眼科学,首都医科大学
1790,100212,眼科学,复旦大学
1791,100212,眼科学,中山大学
1792,100212,眼科学,青岛大学
1793,100213,耳鼻咽喉科学,首都医科大学
1794,100213,耳鼻咽喉科学,复旦大学
1795,100213,耳鼻咽喉科学,中南大学
1796,100213,耳鼻咽喉科学,中山大学
1797,100213,耳鼻咽喉科学,军医进修学院
1798,100214,肿瘤学,北京大学
1799,100214,肿瘤学,清华大学
1800,100214,肿瘤学,天津医科大学
1801,100214,肿瘤学,复旦大学
1802,100214,肿瘤学,浙江大学
1803,100214,肿瘤学,中山大学
1804,100214,肿瘤学,四川大学
1805,100216,运动医学,北京大学
1806,100217,麻醉学,清华大学
1807,100217,麻醉学,华中科技大学
1808,1003,口腔医学,北京大学
1809,1003,口腔医学,四川大学
1810,100301,口腔基础医学,武汉大学
1811,100302,口腔临床医学,上海交通大学
1812,100302,口腔临床医学,第四军医大学
1813,100302,口腔临床医学,华中农业大学
1814,1005,中医学,北京中医药大学
1815,1005,中医学,广州中医药大学
1816,100501,中医基础理论,辽宁中医药大学
1817,100501,中医基础理论,山东中医药大学
1818,100502,中医临床基础,浙江中医药大学
1819,100503,中医医史文献,南京中医药大学
1820,100503,中医医史文献,山东中医药大学
1821,100504,方剂学,黑龙江中医药大学
1822,100505,中医诊断学,湖南中医药大学
1823,100506,中医内科学,天津中医药大学
1824,100506,中医内科学,上海中医药大学
1825,100507,中医外科学,上海中医药大学
1826,100508,中医骨伤科学,上海中医药大学
1827,100509,中医妇科学,黑龙江中医药大学
1828,100509,中医妇科学,成都中医药大学
1829,100510,中医儿科学,南京中医药大学
1830,100511,中医五官科学,成都中医药大学
1831,100512,针灸推拿学,天津中医药大学
1832,100512,针灸推拿学,成都中医药大学
1833,100401,流行病与卫生统计学,北京大学
1834,100401,流行病与卫生统计学,复旦大学
1835,100401,流行病与卫生统计学,山东大学
1836,100402,劳动卫生与环境卫生学,中国医科大学
1837,100402,劳动卫生与环境卫生学,南京医科大学
1838,100402,劳动卫生与环境卫生学,华中科技大学
1839,100403,营养与食品卫生学,哈尔滨医科大学
1840,100403,营养与食品卫生学,四川大学
1841,100405,卫生毒理学,中山大学
1842,100406,军事预防医学,第三军医大学
1843,100406,军事预防医学,第四军医大学
1844,100406,军事预防医学,第四军医大学
1845,1006,中西医结合,复旦大学
1846,100601,中西医结合基础,北京中医药大学
1847,100601,中西医结合基础,河北医科大学
1848,100602,中西医结合临床,天津医科大学
1849,100602,中西医结合临床,大连医科大学
1850,100602,中西医结合临床,南方医科大学
1851,100602,中西医结合临床,第二军医大学
1852,1007,药学,北京大学
1853,1007,药学,清华大学
1854,1007,药学,中国药科大学
1855,1007,药学,第二军医大学
1856,100702,药剂学,沈阳药科大学
1857,100702,药剂学,复旦大学
1858,100702,药剂学,四川大学
1859,100706,药理学,哈尔滨医科大学
1860,100706,药理学,南京医科大学
1861,100706,药理学,中南大学
1862,100706,药理学,中山大学
1863,1008,中药学,北京中医药大学
1864,1008,中药学,黑龙江中医药大学
1865,1008,中药学,上海中医药大学
1866,1008,中药学,南京中医药大学
1867,1008,中药学,成都中医药大学
1868,1201,管理科学与工程,清华大学
1869,1201,管理科学与工程,北京航空航天大学
1870,1201,管理科学与工程,天津大学
1871,1201,管理科学与工程,大连理工大学
1872,1201,管理科学与工程,哈尔滨工业大学
1873,1201,管理科学与工程,上海交通大学
1874,1201,管理科学与工程,浙江大学
1875,1201,管理科学与工程,合肥工业大学
1876,1201,管理科学与工程,中南大学
1877,1201,管理科学与工程,西安交通大学
1878,1201,管理科学与工程,国防科学技术大学
1879,1202,工商管理,中国人民大学
1880,1202,工商管理,清华大学
1881,1202,工商管理,厦门大学
1882,1202,工商管理,中山大学
1883,1202,工商管理,西安交通大学
1884,120201,会计学,中央财经大学
1885,120201,会计学,东北财经大学
1886,120201,会计学,上海财经大学
1887,120201,会计学,中南财经政法大学
1888,120201,会计学,西南财经大学
1889,120202,企业管理,北京大学
1890,120202,企业管理,南开大学
1891,120202,企业管理,南京大学
1892,120204,技术经济及管理,重庆大学
1893,1203,农业经济管理,中国人民大学
1894,1203,农业经济管理,中国农业大学
1895,1203,农业经济管理,南京农业大学
1896,1203,农业经济管理,华中农业大学
1897,1203,农业经济管理,华南农业大学
1898,1203,农业经济管理,西北农林科技大学
1899,120401,行政管理,中国人民大学
1900,120401,行政管理,中山大学
1901,120402,社会医学与卫生事业管理,复旦大学
1902,120403,教育经济与管理,北京大学
1903,120403,教育经济与管理,北京师范大学
1904,120404,社会保障,武汉大学
1905,120405,土地资源管理,南京农业大学
1906,1205,图书馆、情报与档案管理,武汉大学
1907,120501,图书馆学,北京大学
1908,120502,情报学,南京大学
1909,120503,档案学,中国人民大学
